teamplaceCodigo,nombre,destino,skuAnterior,skuNuevo
"N080095","EXT. CABLE MCNU-GXF4-GXM4-6 NACIONAL",#SEG-MOV,#REV-TAN-0248,#SEG-MOV-0001
"N080093","BOTON ANTIPANICO RC978 NACIONAL",#SEG-MOV,#REV-TAN-0057,#SEG-MOV-0002
"N080094","MICROF. M869 NACIONAL",#SEG-MOV,#REV-TAN-0380,#SEG-MOV-0003
"N080088","CABLE MC-PF3-B3-4 NACIONAL",#SEG-MOV,#REV-TAN-0090,#SEG-MOV-0004
"N080087","GRAB. DHI-DAE-MXVR4104/4204-GFWI NACIONAL",#SEG-MOV,#REV-TAN-0287,#SEG-MOV-0005
"N080096","EXT. CABLE MCNU-GXF4-GMX4-18 NACIONAL",#SEG-MOV,#REV-TAN-0245,#SEG-MOV-0006
"I080096","EXT. CABLE MCNU-GXF4-GMX4-18",#SEG-MOV,#REV-TAN-0244,#SEG-MOV-0007
"I080087","GRAB. DHI-DAE-MXVR4104/4204-GFWI IMPORTADO",#SEG-MOV,#REV-TAN-0285,#SEG-MOV-0008
"N080086","BODYCAM  DH-MPT220 NACIONAL",#SEG-MOV,#REV-TAN-0045,#SEG-MOV-0009
"N080918","MPT320 TERMINAL MOVIL",#SEG-MOV,#REV-TAN-0401,#SEG-MOV-0010
"N080909","DHM-MAE-D200 BASE ACOPLAMIENTO",#SEG-MOV,#REV-TAN-0209,#SEG-MOV-0011
"N080917","MP06 INTERCOMUNICADOR 2 VIAS",#SEG-MOV,#REV-TAN-0400,#SEG-MOV-0012
"N081191","FUNDA CAPUCHON P/MICROFONO",#SEG-MOV,#REV-TAN-0270,#SEG-MOV-0013
"N060103","CONTROL ACCE. DHI-ASI3213G-MW NACIONAL",#SEG-ACC,#REV-TAN-0162,#SEG-ACC-0001
"N060102","CONTROL ACCE. DHI-ASI7213Y-V3 NACIONAL",#SEG-ACC,#REV-TAN-0164,#SEG-ACC-0002
"N060073","CONTROL ACCESO DHIASA4214F NACIONAL",#SEG-ACC,#REV-TAN-0169,#SEG-ACC-0003
"N060227","CONTROL ACCESO - HUELLA DIGITAL",#SEG-ACC,#REV-TAN-0165,#SEG-ACC-0004
"N090105","LECTOR DE HUELLA DIGITAL",#SEG-ACC,#REV-TAN-0343,#SEG-ACC-0005
"N080104","RELOJ BIOMETRICO ANVIZ",#SEG-ACC,#REV-TAN-0515,#SEG-ACC-0006
"N080097","PULSADOR PUERTA SALDIDA T60B - NACIONAL",#SEG-ACC,#REV-TAN-0498,#SEG-ACC-0007
"N080050","CAJA SEGURIDAD P/EMPOTRAR NACIONAL",#SEG-ACC,#REV-TAN-0113,#SEG-ACC-0008
"N080901","CANDADO GRANDE",#SEG-ACC,#REV-TAN-0122,#SEG-ACC-0009
"N010690","Intercomunicador DHI-VTT201",#SEG-ACC,#REV-TAN-0311,#SEG-ACC-0010
"N080911","KIT VIDEO INTERCOM DHI-KTP01 (F)",#SEG-ACC,#REV-TAN-0330,#SEG-ACC-0011
"N060092","LCD DHI-LS460UCM-EF -46"" NACIONAL",#SEG-VW,#REV-TAN-0339,#SEG-VW-0001
"N060079","LCD DHI-LS490UCM-EF 49"" NACIONAL",#SEG-VW,#REV-TAN-0341,#SEG-VW-0002
"N080912","LCD DHL-FJ ACCESORIOS LCD VIDEOWALL",#SEG-VW,#REV-TAN-0342,#SEG-VW-0003
"N080913","LS-E-L BARRA P/VIDEWALL",#SEG-VW,#REV-TAN-0351,#SEG-VW-0004
"N010365","NVR2204-P-I NACIONAL",#SEG-NVR,#REV-TAN-0419,#SEG-NVR-0008
"N010368","NVR2208-8P-I NACIONAL",#SEG-NVR,#REV-TAN-0421,#SEG-NVR-0009
"N010394","NVR5432-16P-I/L NACIONAL",#SEG-NVR,#REV-TAN-0426,#SEG-NVR-0010
"N010369","NVR5216-16P-I/L NACIONAL",#SEG-NVR,#REV-TAN-0423,#SEG-NVR-0011
"N010393","NVR5464-4KS2 NACIONAL",#SEG-NVR,#REV-TAN-0428,#SEG-NVR-0012
"N080919","NVR5216-8P-I/L",#SEG-NVR,#REV-TAN-0424,#SEG-NVR-0013
"N010340","NVD1805DH-4I-4K NACIONAL",#SEG-NVR,#REV-TAN-0417,#SEG-NVR-0014
"N010433","MODULO DE MONITOREO TA8604JL-R",#SEG-ALA,#REV-TAN-0391,#SEG-ALA-0004
"N040139","TAPON SEGURIDAD 75 OHM NACIONAL",#TV-RF,#REV-TAN-0549,#TV-RF-0071
"N040148","TAPON CARGA 75 OHM - NACIONAL",#TV-RF,#REV-TAN-0548,#TV-RF-0072
"n020044","MINI CUPLER 12DB NACIONAL",#TV-RF,#REV-TAN-0385,#TV-RF-0073
"N020043","MINI CUPLER 9DB NACIONAL",#TV-RF,#REV-TAN-0386,#TV-RF-0074
"N020199","FILTRO PASA ALTOS - HPF-54 NACIONAL",#TV-RF,#REV-TAN-0260,#TV-RF-0075
"N020409","FILTRO PASA ALTOS PCT-HPFA-102",#TV-RF,#REV-TAN-0261,#TV-RF-0076
"N020525","FILTRO PASABANDA LTE DE UHF",#TV-RF,#REV-TAN-0262,#TV-RF-0077
"N020530","BOOSTER UHF 4G REG 19-34DB 12-24VDC",#TV-RF,#REV-TAN-0048,#TV-RF-0078
"040044","Ecualizador de Linea 9db",#TV-RF,#REV-TAN-0249,#TV-RF-0079
"N040330","ECUALIZADOR DE LINEA 09DB NACIONAL",#TV-RF,#REV-TAN-0220,#TV-RF-0080
"N040325","ECUALIZADOR DE LINEA 11DB NACIONAL",#TV-RF,#REV-TAN-0221,#TV-RF-0081
"N040521","ECUALIZADOR DE LINEA 20DB NACIONAL",#TV-RF,#REV-TAN-0222,#TV-RF-0082
"N040187","AMPLIFIC. DE LINEA 550 C/RETOR",#TV-RF,#REV-TAN-0020,#TV-RF-0083
"N040241","AMPLIFIC. DE LINEA VA-860 NACIONAL",#TV-RF,#REV-TAN-0023,#TV-RF-0084
"N040525","AMPLIFIC. DE LINEA 750",#TV-RF,#REV-TAN-0021,#TV-RF-0085
"N040034","INSERTOR DE POTENCIA 60/90V - NACIONAL",#TV-RF,#REV-TAN-0303,#TV-RF-0086
"N040062","CABLE .500 CON PORTANTE NACIONAL",#TV-RF,#REV-TAN-0069,#TV-RF-0087
"N040546","MÓDULO SUBTRONCAL MAGNAVOX PHILIPS",#TV-RF,#REV-TAN-0409,#TV-RF-0088
"N040186","NODO OPTICO 4 SALIDA - 862Mhz NACIONAL",#TV-HFC,#REV-TAN-0415,#TV-HFC-0001
"N040526","NODO OPTICO 4 SALIDA - 60V/AC (MUESTRA)",#TV-HFC,#REV-TAN-0414,#TV-HFC-0002
"N020521","MICRONODO OPTICO PR7332C",#TV-HFC,#REV-TAN-0383,#TV-HFC-0003
"N010688","MINI NODO OPTICO CON RETORNO",#TV-HFC,#REV-TAN-0388,#TV-HFC-0004
"N040549","NODO CON DESCRIPCION EN PARTIDA",#TV-HFC,#REV-TAN-0413,#TV-HFC-0005
"N0450415","CARCASA DE NODO CON DESCRIPCION EN PARTIDA",#TV-HFC,#REV-TAN-0129,#TV-HFC-0006
"N040548","MODULO CON DESCRIPCIÓN EN PARTIDA",#TV-HFC,#REV-TAN-0390,#TV-HFC-0007
"N010076","TRANSMISOR OPTICO 1550 10db NACIONAL",#TV-HFC,#REV-TAN-0577,#TV-HFC-0008
"I010076","TRANSMISOR OPTICO 1550 10db IMPORTADO",#TV-HFC,#REV-TAN-0576,#TV-HFC-0009
"N010694","TRANSMISOR CATV TUOLIMA",#TV-HFC,#REV-TAN-0575,#TV-HFC-0010
"N010429","MINI MODE DFB MN 870 MHZ 2 MW",#TV-HFC,#REV-TAN-0387,#TV-HFC-0011
"N010795","MULTIPLEXOR NDS3107C",#TV-MOD,#REV-TAN-0404,#TV-MOD-0121
"N060202","QAM ND530 16 IN 1",#TV-MOD,#REV-TAN-0509,#TV-MOD-0122
"N010168","DEMODULADOR TECSYS TS 5605 A - NACIONAL",#TV-RX,#REV-TAN-0203,#TV-RX-0019
"N010502","ARRIS DSR 4450",#TV-RX,#REV-TAN-0029,#TV-RX-0020
"N010513","IRD EXO",#TV-RX,#REV-TAN-0310,#TV-RX-0021
"N010736","GUIA DE ONDA",#TV-RX,#REV-TAN-0295,#TV-RX-0022
"N020518","JUNUO TV STICK",#CPE-STB,#REV-TAN-0315,#CPE-STB-0019
"N020501","DECODER IDS",#CPE-STB,#REV-TAN-0200,#CPE-STB-0020
"N020504","DECODER INTEK HD CABLE C/ AV HDM",#CPE-STB,#REV-TAN-0201,#CPE-STB-0021
"N020179","IP-TV BOX (muestra) NACIONAL",#CPE-STB,#REV-TAN-0307,#CPE-STB-0022
"N040311","BITUBO x Mts NACIONAL",#FO-CAB,#REV-TAN-0040,#FO-CAB-0114
"N040305","MONOTUBO x Mts. NACIONAL",#FO-CAB,#REV-TAN-0393,#FO-CAB-0115
"N010246","CABLE DE SERVICIO x15mts NACIONAL",#FO-CAB,#REV-TAN-0078,#FO-CAB-0116
"N010104","CABLE DE SERVICIO x15mts NACIONAL",#FO-CAB,#REV-TAN-0077,#FO-CAB-0117
"N010718","CABLE DE SERVICIO x8mts NACIONAL",#FO-CAB,#REV-TAN-0079,#FO-CAB-0118
"N020049","CABLE DE SERVICIO x10mts NACIONAL",#FO-CAB,#REV-TAN-0074,#FO-CAB-0119
"N040147","ADAPTADORES SC/PC NACIONAL",#FO-CNX,#REV-TAN-0007,#FO-CNX-0222
"N010075","WDM MULTIPLEX OPTICO 1310/1490 NACIONAL",#FO-CNX,#REV-TAN-0598,#FO-CNX-0223
"N010287","SLOT BOX VACIO 1:8 NACIONAL",#FO-DIS,#REV-TAN-0538,#FO-DIS-0073
"I010287","SLOT BOX VACIO 1:8 IMPORTADO",#FO-DIS,#REV-TAN-0537,#FO-DIS-0074
"N040524","TORNIQUETE DOBLE",#FO-HER,#REV-TAN-0569,#FO-HER-0179
"N040523","TORNIQUETE Nº 7",#FO-HER,#REV-TAN-0571,#FO-HER-0180
"N040522","TORNIQUETE Nº 3",#FO-HER,#REV-TAN-0570,#FO-HER-0181
"N040155","TORNIQUETE Nº5 ZINCADO",#FO-HER,#REV-TAN-0572,#FO-HER-0182
"N0450423","AISLADOR",#FO-HER,#REV-TAN-0010,#FO-HER-0183
"N040207","AISLADOR MN-20 (202032) NACIONAL",#FO-HER,#REV-TAN-0011,#FO-HER-0184
"N040302","PRENSACABLE 3/16 METAL NACIONAL",#FO-HER,#REV-TAN-0491,#FO-HER-0185
"N020306","PITON Nº6 NACIONAL",#FO-HER,#REV-TAN-0466,#FO-HER-0186
"N081111","BROCHE NEPACO",#FO-HER,#REV-TAN-0060,#FO-HER-0187
"N040253","GRILLETE-GUARDACABO NACIONAL",#FO-HER,#REV-TAN-0290,#FO-HER-0188
"N040205","ANCLA DOBLE HELICE GALVANIZADA NACIONAL",#FO-HER,#REV-TAN-0024,#FO-HER-0189
"N040527","BARRA DE ANCLAJE",#FO-HER,#REV-TAN-0037,#FO-HER-0190
"020058","NANO BEAM M5- 16DB NACIONAL",#RED-WIFI,#REV-TAN-0410,#RED-WIFI-0045
"N020052","UNIFI AP OUTDOOR",#RED-WIFI,#REV-TAN-0584,#RED-WIFI-0046
"N040225","AP CNPILOT E502S-11AC-30º",#RED-WIFI,#REV-TAN-0027,#RED-WIFI-0047
"N010725","DCN WL8200-X10 INDOOR AP",#RED-WIFI,#REV-TAN-0197,#RED-WIFI-0048
"N010421","FIREWALL DCFW 1800E N6008 - DCN",#RED-SW,#REV-TAN-0263,#RED-SW-0118
"N010501","DSLAN",#RED-DSL,#REV-TAN-0217,#RED-DSL-0001
"N010510","CHASIS MA5603 P/ADSL CON 5 PLACAS",#RED-DSL,#REV-TAN-0146,#RED-DSL-0002
"N040504","EQUIPO DE TRAMA TELEFONICA",#RED-TEL,#REV-TAN-0229,#RED-TEL-0001
"N040503","CENTRAL TELEFONICA ARRIS 2020",#RED-TEL,#REV-TAN-0140,#RED-TEL-0002
"N040333","TERMINAL TELEF. EMERGENCIA NACIONAL",#RED-TEL,#REV-TAN-0555,#RED-TEL-0003
"N060201","PLACA DE CONTESTADOR TELEFONICO",#RED-TEL,#REV-TAN-0470,#RED-TEL-0004
"N020212","CABLE TPR 2x1,5 NACIONAL",#ENE-CAB,#REV-TAN-0098,#ENE-CAB-0001
"N020546","CABLE TPR 2x 1mm NACIONAL",#ENE-CAB,#REV-TAN-0096,#ENE-CAB-0002
"N081154","CABLE TPR 3x1,5mm",#ENE-CAB,#REV-TAN-0100,#ENE-CAB-0003
"N081036","CABLE TPR 3x2,5mm",#ENE-CAB,#REV-TAN-0101,#ENE-CAB-0004
"N081214","CABLE TPR",#ENE-CAB,#REV-TAN-0094,#ENE-CAB-0005
"N020183","CABLE INTERLOCK P/C.M. DPQ3925 NACIONAL",#ENE-CAB,#REV-TAN-0086,#ENE-CAB-0006
"N060003","CABLE INTERLOCK NEGRO NACIONAL",#ENE-CAB,#REV-TAN-0085,#ENE-CAB-0007
"N081093","ALAMBRE 12",#ENE-CAB,#REV-TAN-0013,#ENE-CAB-0008
"N081094","ALAMBRE 18/19",#ENE-CAB,#REV-TAN-0014,#ENE-CAB-0009
"N040213","LAMPARA LED P/CALLE NACIONAL",#ENE-ILU,#REV-TAN-0334,#ENE-ILU-0001
"N081056","LAMPARA LED",#ENE-ILU,#REV-TAN-0332,#ENE-ILU-0002
"N060220","REFLECTORES 30W",#ENE-ILU,#REV-TAN-0513,#ENE-ILU-0003
"N081130","PLAFON P/LISTON LED",#ENE-ILU,#REV-TAN-0480,#ENE-ILU-0004
"N081193","GRUPO ELECTROGENO",#ENE-GEN,#REV-TAN-0291,#ENE-GEN-0001
"N090102","GRUPO ELETROGENO 15 KVA",#ENE-GEN,#REV-TAN-0293,#ENE-GEN-0002
"N081236","FUSIBLE",#ENE-ELE,#REV-TAN-0271,#ENE-ELE-0037
"N080975","FUSIBLE 10 Amp.",#ENE-ELE,#REV-TAN-0272,#ENE-ELE-0038
"N080976","PORTA FUSIBLE",#ENE-ELE,#REV-TAN-0485,#ENE-ELE-0039
"N081196","JABALINA PUESTA TIERRA",#ENE-ELE,#REV-TAN-0312,#ENE-ELE-0040
"N040326","BORNE P/JABALINA 3/4 NACIONAL",#ENE-ELE,#REV-TAN-0049,#ENE-ELE-0041
"N081223","CAJA ESTANCO",#ENE-ELE,#REV-TAN-0110,#ENE-ELE-0042
"FUENTES","FUENTES DOCSIS",#ENE-FTE,#REV-TAN-0268,#ENE-FTE-0102
"N080920","PFM374-L45 CAJA P/BATERIAL SOLAR",#ENE-RACK,#REV-TAN-0456,#ENE-RACK-0047
"N020554","AISLANTE P/CAÑO DE COBRE",#ENE-CLIMA,#REV-TAN-0012,#ENE-CLIMA-0013
"N080100","PLAQUETA UNIVERSAL QD-U08PGC+ para A/A.",#ENE-CLIMA,#REV-TAN-0483,#ENE-CLIMA-0014
"N080831","ESTUFA/ CALOVENTOR",#ENE-CLIMA,#REV-TAN-0241,#ENE-CLIMA-0015
"N081054","VENTILADOR DE PIE",#ENE-CLIMA,#REV-TAN-0592,#ENE-CLIMA-0016
"N081139","CAPACITOR",#CMP-ELE,#REV-TAN-0126,#CMP-ELE-0001
"N081137","CAPACITOR 20UF /440V",#CMP-ELE,#REV-TAN-0127,#CMP-ELE-0002
"N081140","DIODO",#CMP-ELE,#REV-TAN-0210,#CMP-ELE-0003
"N081141","MOSFET IRF840",#CMP-ELE,#REV-TAN-0395,#CMP-ELE-0004
"N081058","CIRCUITO INTEGRADO",#CMP-ELE,#REV-TAN-0148,#CMP-ELE-0005
"N080958","TERMINAL PALA P/CABLE",#CMP-CNX,#REV-TAN-0554,#CMP-CNX-0001
"N080959","TERMINAL OJAL P/CABLE",#CMP-CNX,#REV-TAN-0553,#CMP-CNX-0002
"N081090","TERMINAL OJAL GRANDE P/CABLE",#CMP-CNX,#REV-TAN-0552,#CMP-CNX-0003
"N081235","BORNERA",#CMP-CNX,#REV-TAN-0051,#CMP-CNX-0004
"N080880","FICHA MACHO",#CMP-CNX,#REV-TAN-0255,#CMP-CNX-0005
"N080960","FICHA HEMBRA",#CMP-CNX,#REV-TAN-0254,#CMP-CNX-0006
"N020470","ADAPT. ENCHUFE MIX A REDONDO",#CMP-CNX,#REV-TAN-0005,#CMP-CNX-0007
"N020182","ADAPT. ENCHUFE MIX A OBLICUO NACIONAL",#CMP-CNX,#REV-TAN-0004,#CMP-CNX-0008
"N080977","ESTAÑO",#CMP-SOL,#REV-TAN-0238,#CMP-SOL-0001
"N081125","MALLA DESOLDANTE",#CMP-SOL,#REV-TAN-0356,#CMP-SOL-0002
"N081170","CONTACFLUX - FLUX",#CMP-SOL,#REV-TAN-0159,#CMP-SOL-0003
"N081160","GRASA DISIPADORA DE CALOR",#CMP-SOL,#REV-TAN-0288,#CMP-SOL-0004
"N080101","ELECTRODO 2,5mm P/SOLDAR - PUNTA AZUL",#CMP-SOL,#REV-TAN-0223,#CMP-SOL-0005
"N030200","VARILLA PARA SOLDAR PLATA",#CMP-SOL,#REV-TAN-0589,#CMP-SOL-0006
"N030201","PICO PARA SOLDAR GIRATORIO",#CMP-SOL,#REV-TAN-0457,#CMP-SOL-0007
"030177","GAS BUTANO REPUESTO P/SOPLETE",#CMP-SOL,#REV-TAN-0278,#CMP-SOL-0008
"N030188","PUNTA PARA SOPLETE AEROSOL",#CMP-SOL,#REV-TAN-0500,#CMP-SOL-0009
"N030196","GARRAFA P/SOLDADURA REFRIG. 400 G",#CMP-SOL,#REV-TAN-0277,#CMP-SOL-0010
"RCA","CABLE RCA A PLUGIN DE 3,5",#TI-CAB,#REV-TAN-0092,#TI-CAB-0001
"RCA1","CABLE RCA A RCA",#TI-CAB,#REV-TAN-0093,#TI-CAB-0002
"N020439","CABLE PUGIN A PUGIN",#TI-CAB,#REV-TAN-0091,#TI-CAB-0003
"N020458","CABLE HDMI",#TI-CAB,#REV-TAN-0080,#TI-CAB-0004
"N010689","CABLE HDMI x5mts",#TI-CAB,#REV-TAN-0083,#TI-CAB-0005
"N020461","CABLE HDMI x 10 mts",#TI-CAB,#REV-TAN-0081,#TI-CAB-0006
"N060082","DH-W-HDMI x 15 mts NACIONAL",#TI-CAB,#REV-TAN-0207,#TI-CAB-0007
"N081055","CABLE VGA",#TI-CAB,#REV-TAN-0107,#TI-CAB-0008
"N060125","CABLE USB A MINI USB x2mts NACIONAL",#TI-CAB,#REV-TAN-0105,#TI-CAB-0009
"I060125","CABLE USB A MINI USB x2mts IMPORTADO",#TI-CAB,#REV-TAN-0104,#TI-CAB-0010
"N062269","CABLE USB A a USB B",#TI-CAB,#REV-TAN-0106,#TI-CAB-0011
"N062267","CABLE ALARGUE USB MACHO/HEMBRA",#TI-CAB,#REV-TAN-0070,#TI-CAB-0012
"N060115","CABLE CONSOLA/USB",#TI-CAB,#REV-TAN-0073,#TI-CAB-0013
"N060083","IR-3.5MM-3M CABLE RECP.INFRARO NACIONAL",#TI-CAB,#REV-TAN-0309,#TI-CAB-0014
"N060222","COOLER P/PC",#TI-COMP,#REV-TAN-0174,#TI-COMP-0001
"N060221","PLACAS PC",#TI-COMP,#REV-TAN-0479,#TI-COMP-0002
"N062247","PLACA DE RED PCI",#TI-COMP,#REV-TAN-0471,#TI-COMP-0003
"N062268","PLACA DE VIDEO",#TI-COMP,#REV-TAN-0472,#TI-COMP-0004
"N062264","PLACA MADRE",#TI-COMP,#REV-TAN-0476,#TI-COMP-0005
"N062263","MICRO PROCESADOR INTEL CORE I7",#TI-COMP,#REV-TAN-0377,#TI-COMP-0006
"N060067","PLACA HDMI P/PC - 4 SALIDAS NACIONAL",#TI-COMP,#REV-TAN-0474,#TI-COMP-0007
"N062262","PEN DRIVE 16 GB",#TI-ALM,#REV-TAN-0450,#TI-ALM-0048
"N060226","DISCOS RIGIDOS P/PC",#TI-ALM,#REV-TAN-0211,#TI-ALM-0049
"N060069","PC EXO READY C2-V5448-i5 NACIONAL",#TI-PC,#REV-TAN-0445,#TI-PC-0043
"090301","EQUIPOS CELULARES",#TI-PC,#REV-TAN-0230,#TI-PC-0044
"090006","Parlante p/PC",#TI-PER,#REV-TAN-0503,#TI-PER-0001
"090304","VINCHA AURICULAR",#TI-PER,#REV-TAN-0596,#TI-PER-0002
"N081169","AURICULAR",#TI-PER,#REV-TAN-0031,#TI-PER-0003
"N081145","MICROFONO P/PODCASTS",#TI-PER,#REV-TAN-0382,#TI-PER-0004
"N081190","INTERFAZ AUDIO AI-MICRO 2 CANALES 3,5mm",#TI-PER,#REV-TAN-0305,#TI-PER-0005
"N060238","HUB USB x4 PUERTOS",#TI-PER,#REV-TAN-0300,#TI-PER-0006
"N062271","TINTA EPSON 544",#TI-INS,#REV-TAN-0560,#TI-INS-0001
"N060234","TINTA EPSON 664 - NEGRA",#TI-INS,#REV-TAN-0564,#TI-INS-0002
"N060237","TINTA EPSON 664 - AMARILLO",#TI-INS,#REV-TAN-0561,#TI-INS-0003
"N060235","TINTA EPSON 664 - CIAN",#TI-INS,#REV-TAN-0562,#TI-INS-0004
"N060236","TINTA EPSON 664 - MAGENTA",#TI-INS,#REV-TAN-0563,#TI-INS-0005
"N062256","DRUM ALT",#TI-INS,#REV-TAN-0216,#TI-INS-0006
"090313","ALICATE DE CORTE OBLICUO 6""",#HER-TOOL,#REV-TAN-0019,#HER-TOOL-0119
"090310","ALICATE DE CORTE OBLICUO",#HER-TOOL,#REV-TAN-0018,#HER-TOOL-0120
"030148","CUTTER TRAPEZOIDAL 19mm",#HER-TOOL,#REV-TAN-0181,#HER-TOOL-0121
"N030203","CUTTER COMUN 18mm",#HER-TOOL,#REV-TAN-0180,#HER-TOOL-0122
"N081184","CUTER TRINCHETA",#HER-TOOL,#REV-TAN-0179,#HER-TOOL-0123
"N030204","REPUESTO FILO CUTTER 18mm",#HER-TOOL,#REV-TAN-0520,#HER-TOOL-0124
"N030181","REPUESTO FILO CUTTER TRAPEZOIDAL X 10 UN.",#HER-TOOL,#REV-TAN-0521,#HER-TOOL-0125
"N030306","MACHETE TIPO CIRIRI-20""",#HER-TOOL,#REV-TAN-0353,#HER-TOOL-0126
"N030185","TIJERA PARA OJALATA",#HER-TOOL,#REV-TAN-0557,#HER-TOOL-0127
"N030170","LIMA DE METAL",#HER-TOOL,#REV-TAN-0349,#HER-TOOL-0128
"N030369","ESPATULA",#HER-TOOL,#REV-TAN-0237,#HER-TOOL-0129
"N030168","JUEGO DE LLAVER TORX",#HER-TOOL,#REV-TAN-0313,#HER-TOOL-0130
"N030169","JUEGO DE LLAVES T (11, 12, 13 Y 14)",#HER-TOOL,#REV-TAN-0314,#HER-TOOL-0131
"N030412","KIT DE PINZAS",#HER-TOOL,#REV-TAN-0323,#HER-TOOL-0132
"N030411","KIT DESTORNILLADORES",#HER-TOOL,#REV-TAN-0324,#HER-TOOL-0133
"N030407","MANGO CRIQUE",#HER-TOOL,#REV-TAN-0357,#HER-TOOL-0134
"030137","ROTOMARTILLO",#HER-TOOL,#REV-TAN-0528,#HER-TOOL-0135
"N030097","MOTOSIERRA PROFESIONAL NACIONAL",#HER-TOOL,#REV-TAN-0399,#HER-TOOL-0136
"N030372","DESMALEZADORA",#HER-TOOL,#REV-TAN-0204,#HER-TOOL-0137
"N081203","HIDROLAVADORA",#HER-TOOL,#REV-TAN-0298,#HER-TOOL-0138
"N030408","MALACATE",#HER-TOOL,#REV-TAN-0355,#HER-TOOL-0139
"N030167","DEVANADORA",#HER-TOOL,#REV-TAN-0205,#HER-TOOL-0140
"N030037","ZUNCHADORA NACIONAL",#HER-TOOL,#REV-TAN-0601,#HER-TOOL-0141
"N030039","PASTECA SIMPLE NACIONAL",#HER-TOOL,#REV-TAN-0443,#HER-TOOL-0142
"N030141","PORTA BOBINA CHICO",#HER-TOOL,#REV-TAN-0484,#HER-TOOL-0143
"N030182","MORDAZA TIPO PEINE UNIVERSAL",#HER-TOOL,#REV-TAN-0394,#HER-TOOL-0144
"N030199","PUNZON EXPANSOR",#HER-TOOL,#REV-TAN-0501,#HER-TOOL-0145
"N030063","PELADORA .500 NACIONAL",#HER-TOOL,#REV-TAN-0448,#HER-TOOL-0146
"030067","peladora de vaina acs/acs-2 de 5,32""-25,64""",#HER-TOOL,#REV-TAN-0604,#HER-TOOL-0147
"N030195","BOMBA VACIO 70 LTS/M",#HER-TOOL,#REV-TAN-0047,#HER-TOOL-0148
"N030198","MANOMETRO/MANIFOLD CUERPO DE BRONCE",#HER-TOOL,#REV-TAN-0360,#HER-TOOL-0149
"030184","BUSCAPOLO SIN CONTACTO - VIRU-VIRU",#HER-TOOL,#REV-TAN-0068,#HER-TOOL-0150
"N030400","CORTA VIDRIO",#HER-TOOL,#REV-TAN-0176,#HER-TOOL-0151
"N030089","ZAPATA MOVIL P/ESC. EXTEN. NACIONAL",#HER-TOOL,#REV-TAN-0600,#HER-TOOL-0152
"N030312","MESA PLEGABLE PARA FUSIONAR",#HER-INS,#REV-TAN-0376,#HER-INS-0043
"N081073","BARBIJO DESCARTABLES",#HER-EPP,#REV-TAN-0035,#HER-EPP-0014
"N080957","BOTIN DE SEGURIDAD (PAR)",#HER-EPP,#REV-TAN-0053,#HER-EPP-0015
"N080108","GAFAS OSCURAS DE SEGURIDAD",#HER-EPP,#REV-TAN-0276,#HER-EPP-0016
"N030095","Antiparras FRAVIDA NACIONAL",#HER-EPP,#REV-TAN-0032,#HER-EPP-0017
"N080868","DELANTAL CUERO DESCARNE",#HER-EPP,#REV-TAN-0202,#HER-EPP-0018
"N030325","VIDRIO OSCURO MASCARA SOLDAR",#HER-EPP,#REV-TAN-0594,#HER-EPP-0019
"N030326","VIDRIO TRANSPARENTE MASCARA SOLDAR",#HER-EPP,#REV-TAN-0595,#HER-EPP-0020
"N081071","ELEMENTO DE AMARRE CODIGO 1015",#HER-EPP,#REV-TAN-0227,#HER-EPP-0021
"N081066","ELEMENTO DE AMARRE ANTICAIDA 3008/2",#HER-EPP,#REV-TAN-0226,#HER-EPP-0022
"N081065","ELEMENTO DE AMARRE ANTICAIDA 3001/2",#HER-EPP,#REV-TAN-0225,#HER-EPP-0023
"N081064","ELEMENTO DE AMARRE 1004",#HER-EPP,#REV-TAN-0224,#HER-EPP-0024
"N080965","MATAFUEGOS",#HER-SEG,#REV-TAN-0372,#HER-SEG-0001
"N081072","BOTIQUIN",#HER-SEG,#REV-TAN-0054,#HER-SEG-0002
"030145","CONO SEGURIDAD VIAL",#HER-SEG,#REV-TAN-0156,#HER-SEG-0003
"N080107","BANDERA DE PELIGRO",#HER-SEG,#REV-TAN-0034,#HER-SEG-0004
"N081171","TOTEM DE EMERGENCIA",#HER-SEG,#REV-TAN-0573,#HER-SEG-0005
"N080888","TIRAFONDO N°10",#INS-FIJ,#REV-TAN-0567,#INS-FIJ-0059
"N081030","TIRAFONDO",#INS-FIJ,#REV-TAN-0566,#INS-FIJ-0060
"N080928","REMACHE POP",#INS-FIJ,#REV-TAN-0517,#INS-FIJ-0061
"N081164","VARILLA ROSCADA",#INS-FIJ,#REV-TAN-0590,#INS-FIJ-0062
"PASACABLESP","PASACABLE PLASTICO",#INS-FIJ,#REV-TAN-0442,#INS-FIJ-0063
"N080940","FILM STRETCH SIN CONO",#INS-CONS,#REV-TAN-0259,#INS-CONS-0030
"N081163","FILM STRETCH 10cm",#INS-CONS,#REV-TAN-0258,#INS-CONS-0031
"N080828","ESTOPA",#INS-CONS,#REV-TAN-0240,#INS-CONS-0032
"N080961","PALLET ARLOG",#INS-CONS,#REV-TAN-0435,#INS-CONS-0033
"030147","DISPENSADOR DE ACOHOL ISIPROP.",#INS-CONS,#REV-TAN-0214,#INS-CONS-0034
"N030397","KIT DE LIMPIEZA P/CELULARES",#INS-CONS,#REV-TAN-0322,#INS-CONS-0035
"N081219","FUNDA BOLSO DE PROTECCION",#INS-CONS,#REV-TAN-0269,#INS-CONS-0036
"N080882","CAÑO ESTRUC. 15x15x1,6",#OBR-MET,#REV-TAN-0137,#OBR-MET-0001
"N080881","CAÑO ESTRUC. 100x20x1,6",#OBR-MET,#REV-TAN-0136,#OBR-MET-0002
"N080827","CAÑO ESTRUC. 100x100x1,6",#OBR-MET,#REV-TAN-0135,#OBR-MET-0003
"N080946","CAÑO ESTRUC. 2""x1,6mm",#OBR-MET,#REV-TAN-0138,#OBR-MET-0004
"N081132","CAÑO",#OBR-MET,#REV-TAN-0133,#OBR-MET-0005
"N080863","PLANCHUELA 1/2 X 3/16",#OBR-MET,#REV-TAN-0481,#OBR-MET-0006
"N080951","MOLDURA MADERA x3mts",#OBR-MET,#REV-TAN-0392,#OBR-MET-0007
"N080989","Conjunto de tablilla metalicas de 2300x1000mm",#OBR-MET,#REV-TAN-0191,#OBR-MET-0008
"N020522","MASTIL DE 2 MTS",#OBR-MET,#REV-TAN-0370,#OBR-MET-0009
"N020529","MASTIL DE 3 MTS",#OBR-MET,#REV-TAN-0371,#OBR-MET-0010
"N081046","PINTURA",#OBR-PIN,#REV-TAN-0463,#OBR-PIN-0001
"N080867","PINTURA SINTETICA VERDE JHON DHEERE",#OBR-PIN,#REV-TAN-0464,#OBR-PIN-0002
"N081074","AEROSOL PINTURA AZUL 440 CM.TERSUAVE",#OBR-PIN,#REV-TAN-0008,#OBR-PIN-0003
"N081075","AEROSOL PINTURA BLANCA 440 CM.TERSUAVE",#OBR-PIN,#REV-TAN-0009,#OBR-PIN-0004
"N080998","BARNIZ",#OBR-PIN,#REV-TAN-0036,#OBR-PIN-0005
"N030341","TINER / THINNER",#OBR-PIN,#REV-TAN-0559,#OBR-PIN-0006
"N081220","KEROSENE",#OBR-PIN,#REV-TAN-0318,#OBR-PIN-0007
"N030335","CONVERTIDOR DE OXIDO",#OBR-PIN,#REV-TAN-0172,#OBR-PIN-0008
"N081138","SELLADOR",#OBR-PIN,#REV-TAN-0533,#OBR-PIN-0009
"N080983","SELLAROSCA",#OBR-PIN,#REV-TAN-0534,#OBR-PIN-0010
"N081217","PEGAMENTO",#OBR-PIN,#REV-TAN-0446,#OBR-PIN-0011
"N030331","PINCEL CHICO",#OBR-PIN,#REV-TAN-0460,#OBR-PIN-0012
"N030332","PINCEL MEDIANO",#OBR-PIN,#REV-TAN-0462,#OBR-PIN-0013
"N081162","CEPILLO",#OBR-PIN,#REV-TAN-0141,#OBR-PIN-0014
"N081204","LIJA",#OBR-PIN,#REV-TAN-0347,#OBR-PIN-0015
"N080886","LIJA A AGUA 120 GR",#OBR-PIN,#REV-TAN-0348,#OBR-PIN-0016
"N020552","MANGUERA",#OBR-VAR,#REV-TAN-0358,#OBR-VAR-0001
"N080922","MANGUERA  ½""",#OBR-VAR,#REV-TAN-0359,#OBR-VAR-0002
"N080980","UNION 1/2""",#OBR-VAR,#REV-TAN-0585,#OBR-VAR-0003
"N081101","MEDIA SOMBRA",#OBR-VAR,#REV-TAN-0373,#OBR-VAR-0004
"N081211","TANZA",#OBR-VAR,#REV-TAN-0547,#OBR-VAR-0005
"N081057","MEMBRANA IMPERMEABLE",#OBR-VAR,#REV-TAN-0374,#OBR-VAR-0006
"N080823","BRAZO HIDRAULICO P/PUERTA",#OBR-VAR,#REV-TAN-0059,#OBR-VAR-0007
"N081178","NEUMATICO - CUBIERTAS",#VEH-REP,#REV-TAN-0412,#VEH-REP-0001
"N081047","KIT AUXILIO P/AUTOMOVIL",#VEH-REP,#REV-TAN-0321,#VEH-REP-0002
"N080846","FOLIO A4",#OFI-PAP,#REV-TAN-0264,#OFI-PAP-0001
"N080845","FOLIO OFICIO",#OFI-PAP,#REV-TAN-0265,#OFI-PAP-0002
"N080847","SOBRE OFICIO INGLES",#OFI-PAP,#REV-TAN-0540,#OFI-PAP-0003
"N081102","SOBRE",#OFI-PAP,#REV-TAN-0539,#OFI-PAP-0004
"N080988","RESMAS",#OFI-PAP,#REV-TAN-0522,#OFI-PAP-0005
"N081126","ROLLO PAPEL P/FAX",#OFI-PAP,#REV-TAN-0527,#OFI-PAP-0006
"N050107","LAPICERAS",#OFI-PAP,#REV-TAN-0336,#OFI-PAP-0007
"N080848","LAPIZ NEGRO",#OFI-PAP,#REV-TAN-0337,#OFI-PAP-0008
"N081104","MINA LAPIZ",#OFI-PAP,#REV-TAN-0384,#OFI-PAP-0009
"N081183","SACAPUNTAS",#OFI-PAP,#REV-TAN-0532,#OFI-PAP-0010
"N081182","GOMA P/BORRAR",#OFI-PAP,#REV-TAN-0282,#OFI-PAP-0011
"N080809","CORRECTOR LIQUIDO",#OFI-PAP,#REV-TAN-0175,#OFI-PAP-0012
"N081107","REGLA",#OFI-PAP,#REV-TAN-0514,#OFI-PAP-0013
"N080808","POST IT",#OFI-PAP,#REV-TAN-0490,#OFI-PAP-0014
"N080840","CUADERNO CHICO",#OFI-PAP,#REV-TAN-0177,#OFI-PAP-0015
"N080839","CUADERNO GRANDE",#OFI-PAP,#REV-TAN-0178,#OFI-PAP-0016
"N081105","CARPETA",#OFI-PAP,#REV-TAN-0131,#OFI-PAP-0017
"N080985","BIBLIORATO",#OFI-PAP,#REV-TAN-0038,#OFI-PAP-0018
"N080859","CAJA ARCHIVO OFICIO/LEGAL",#OFI-PAP,#REV-TAN-0109,#OFI-PAP-0019
"N081095","BROCHES",#OFI-PAP,#REV-TAN-0061,#OFI-PAP-0020
"N080850","BROCHES 10/50",#OFI-PAP,#REV-TAN-0062,#OFI-PAP-0021
"N081092","CLIP",#OFI-PAP,#REV-TAN-0150,#OFI-PAP-0022
"N050105","ABROCHADORA",#OFI-PAP,#REV-TAN-0001,#OFI-PAP-0023
"N080810","PERFORADOR MEDIANO",#OFI-PAP,#REV-TAN-0452,#OFI-PAP-0024
"N080963","TIJERA",#OFI-PAP,#REV-TAN-0556,#OFI-PAP-0025
"N080849","GOMILLAS",#OFI-PAP,#REV-TAN-0283,#OFI-PAP-0026
"N081114","PEGAMENTO EN BARRA",#OFI-PAP,#REV-TAN-0447,#OFI-PAP-0027
"N080841","MARCADOR RESALTADOR",#OFI-PAP,#REV-TAN-0367,#OFI-PAP-0028
"N080842","MARCADOR AL AGUA",#OFI-PAP,#REV-TAN-0364,#OFI-PAP-0029
"N080843","MARCADOR INDELEBLE",#OFI-PAP,#REV-TAN-0365,#OFI-PAP-0030
"N080844","MARCADOR PARA PIZZARRA",#OFI-PAP,#REV-TAN-0366,#OFI-PAP-0031
"N030102","MARCADOR AL ACEITE PUNTA REDONDA COLOR BLANCO",#OFI-PAP,#REV-TAN-0362,#OFI-PAP-0032
"N030101","MARCADOR AL ACEITE PUNTA REDONDA COLOR NEGRO",#OFI-PAP,#REV-TAN-0363,#OFI-PAP-0033
"N080964","BORRADOR PIZZARRA VIDRIO",#OFI-PAP,#REV-TAN-0052,#OFI-PAP-0034
"N081115","TINTA P/SELLOS",#OFI-PAP,#REV-TAN-0565,#OFI-PAP-0035
"N081109","CARBONICO",#OFI-PAP,#REV-TAN-0128,#OFI-PAP-0036
"N080984","RECIBOS USARES 1825 CARBONICO QUIMICO",#OFI-PAP,#REV-TAN-0512,#OFI-PAP-0037
"N030099","LETROGRAFO PLASTICO X 30 MM",#OFI-PAP,#REV-TAN-0345,#OFI-PAP-0038
"090201","Sillas",#OFI-MOB,#REV-TAN-0544,#OFI-MOB-0001
"N090108","Sillas de oficina",#OFI-MOB,#REV-TAN-0545,#OFI-MOB-0002
"090306","SILLA DE ESCRITORIO ROYAL DESIGN",#OFI-MOB,#REV-TAN-0535,#OFI-MOB-0003
"N090101","ESCRITORIO 1,4-1,5 MTS",#OFI-MOB,#REV-TAN-0233,#OFI-MOB-0004
"N090100","ESCRITORIO 1 MTS",#OFI-MOB,#REV-TAN-0232,#OFI-MOB-0005
"N090103","ESCRITORIO EN L 120 x 120",#OFI-MOB,#REV-TAN-0234,#OFI-MOB-0006
"N020400","mesa en L con cajones 150 x 150",#OFI-MOB,#REV-TAN-0603,#OFI-MOB-0007
"N060223","TELEFONO FIJO",#OFI-EQU,#REV-TAN-0551,#OFI-EQU-0001
"N080903","HORNO MICROONDAS",#OFI-EQU,#REV-TAN-0299,#OFI-EQU-0002
"N080987","TV LED",#OFI-EQU,#REV-TAN-0581,#OFI-EQU-0003
"N062242","TV 32""",#OFI-EQU,#REV-TAN-0580,#OFI-EQU-0004
"N010682","DVD NOBLEX DVH1700",#OFI-EQU,#REV-TAN-0218,#OFI-EQU-0005
"N010775","REPRODUCTO DVD - USB",#OFI-EQU,#REV-TAN-0519,#OFI-EQU-0006
"N081165","CONTADORA DE BILLETES",#OFI-EQU,#REV-TAN-0160,#OFI-EQU-0007
"N090106","maquina de contar",#OFI-EQU,#REV-TAN-0602,#OFI-EQU-0008
"N081096","ARTICULO C/DESCRIPCION EN PARTIDA",#REV-PLA,#REV-TAN-0030,#REV-PLA-0001