id,teamplaceCodigo,nombre,tipo,skuAnterior,skuNuevo
cmsg5983n00r967qsp6gexr93,"REINSTALACION","COSTO REINSTALACION",INTANGIBLE,#REV-0143,#REV-INT-0001
cmsg598bz00w367qslpf3jf6t,"3814110750","3814110750 AccesoToncal IP",INTANGIBLE,#REV-0218,#REV-INT-0002
cmsg598bz00vm67qsxpi0z1md,"440509","440509:342578 Central Acceso Extremo Adicionales",INTANGIBLE,#REV-0206,#REV-INT-0003
cmsg598c200zx67qskf7nrsu4,"N050105","ABROCHADORA",TANGIBLE,#REV-0251,#REV-TAN-0001
cmsg5995l021u67qs7wh5zk64,"ACCIONES","ACCIONES CON COTIZACION",INTANGIBLE,#REV-0727,#REV-INT-0004
cmsg5995l021j67qs6tdxmlsn,"N081213","ACEITE",TANGIBLE,#REV-0723,#REV-TAN-0002
cmsg5990c01wh67qsqefxrb50,"N081158","ACEITE EN AEROSOL",TANGIBLE,#REV-0663,#REV-TAN-0003
cmsg5990a01nn67qsilacmm5q,"CONTENIDO","ACTUALIZACION DE CONTENIDOS WEB",INTANGIBLE,#REV-0531,#REV-INT-0005
cmsg597ru00e067qs1sfctgpj,"N020182","ADAPT. ENCHUFE MIX A OBLICUO NACIONAL",TANGIBLE,#REV-0042,#REV-TAN-0004
cmsg5990901m767qsp97c2tsl,"N020470","ADAPT. ENCHUFE MIX A REDONDO",TANGIBLE,#REV-0507,#REV-TAN-0005
cmsg5983l00jr67qsyy32w4wa,"I040147","ADAPTADORES SC/PC IMPORTADO",TANGIBLE,#REV-0063,#REV-TAN-0006
cmsg5983l00js67qs2c2ydozt,"N040147","ADAPTADORES SC/PC NACIONAL",TANGIBLE,#REV-0064,#REV-TAN-0007
cmsg5990b01sf67qs8wi1f5xg,"N081074","AEROSOL PINTURA AZUL 440 CM.TERSUAVE",TANGIBLE,#REV-0597,#REV-TAN-0008
cmsg5990b01sg67qs4mje10af,"N081075","AEROSOL PINTURA BLANCA 440 CM.TERSUAVE",TANGIBLE,#REV-0598,#REV-TAN-0009
cmsg5995m023r67qs6mc3pohp,"N0450423","AISLADOR",TANGIBLE,#REV-0749,#REV-TAN-0010
cmsg5983l00kn67qsx7ptdkwe,"N040207","AISLADOR MN-20 (202032) NACIONAL",TANGIBLE,#REV-0072,#REV-TAN-0011
cmsg5995l022n67qsdkmc20x1,"N020554","AISLANTE P/CAÑO DE COBRE",TANGIBLE,#REV-0738,#REV-TAN-0012
cmsg5990b01t667qscs1ioax8,"N081093","ALAMBRE 12",TANGIBLE,#REV-0606,#REV-TAN-0013
cmsg5990b01t767qs1qch1cho,"N081094","ALAMBRE 18/19",TANGIBLE,#REV-0607,#REV-TAN-0014
cmsg598ma01k267qsdxg418ej,"N080937","ALAMBRE NEGRO",TANGIBLE,#REV-0470,#REV-TAN-0015
cmsg5990d01xr67qs98yxdji2,"N030386","ALARGUE ELECTRICO 10 MTS",TANGIBLE,#REV-0683,#REV-TAN-0016
cmsg5990c01ww67qsnt4lmt90,"N081168","ALARGUE USB M/H",TANGIBLE,#REV-0672,#REV-TAN-0017
cmsg598bz00w967qs9mf4ha5i,"090310","ALICATE DE CORTE OBLICUO",TANGIBLE,#REV-0222,#REV-TAN-0018
cmsg598c000xm67qs95mufq3t,"090313","ALICATE DE CORTE OBLICUO 6""",TANGIBLE,#REV-0231,#REV-TAN-0019
cmsg598c000xn67qsc0fmf7pl,"N040187","AMPLIFIC. DE LINEA 550 C/RETOR",TANGIBLE,#REV-0232,#REV-TAN-0020
cmsg5990a01q867qsh65yogc8,"N040525","AMPLIFIC. DE LINEA 750",TANGIBLE,#REV-0566,#REV-TAN-0021
cmsg5983l00l467qsspo1titp,"I040241","AMPLIFIC. DE LINEA VA-860 IMPORTADO",TANGIBLE,#REV-0074,#REV-TAN-0022
cmsg5983l00l567qsxoe0g97s,"N040241","AMPLIFIC. DE LINEA VA-860 NACIONAL",TANGIBLE,#REV-0075,#REV-TAN-0023
cmsg5983l00kl67qsri1bgvbe,"N040205","ANCLA DOBLE HELICE GALVANIZADA NACIONAL",TANGIBLE,#REV-0070,#REV-TAN-0024
cmsg5990901lx67qs7cshjlna,"ANTPERS","ANTICIPOS AL PERSONAL",INTANGIBLE,#REV-0500,#REV-INT-0006
cmsg5990c01ue67qs5tac38vi,"N081119","ANTIOXIDO",TANGIBLE,#REV-0628,#REV-TAN-0025
cmsg598c200zr67qsgyxigvf9,"N050002","ANTIPARRAS",TANGIBLE,#REV-0248,#REV-TAN-0026
cmsg5990901mg67qswnepiaxv,"N040225","AP CNPILOT E502S-11AC-30º",TANGIBLE,#REV-0510,#REV-TAN-0027
cmsg5995l021x67qsd7jbcxmm,"APPGO","APLICACION TV",INTANGIBLE,#REV-0729,#REV-INT-0007
cmsg5995m023i67qs53u98vmk,"ARACC","ARANCELES ACCIONES CON COTIZACION",INTANGIBLE,#REV-0745,#REV-INT-0008
cmsg5990a01mv67qsrg22xldv,"10104","AREA PROTEGIDA",INTANGIBLE,#REV-0518,#REV-INT-0009
cmsg5990a01nh67qstju66acj,"ARRIENDO","ARRIENDO",TANGIBLE,#REV-0528,#REV-TAN-0028
cmsg598c5015n67qsca3cmztb,"N010502","ARRIS DSR 4450",TANGIBLE,#REV-0311,#REV-TAN-0029
cmsg5990b01tc67qso83t2tr5,"N081096","ARTICULO C/DESCRIPCION EN PARTIDA",TANGIBLE,#REV-0610,#REV-TAN-0030
cmsg598m6017o67qswnf1m6dk,"ASISTENCIA","ASISTENCIA",INTANGIBLE,#REV-0328,#REV-INT-0010
cmsg5990c01wx67qsas8igosk,"N081169","AURICULAR",TANGIBLE,#REV-0673,#REV-TAN-0031
cmsg5990a01og67qsmbmvqfwq,"AVPUB","AVISOS PUBLICITARIOS",INTANGIBLE,#REV-0537,#REV-INT-0011
cmsg598bz00vj67qsqb23vj31,"AccesoD282622359","Acceso Dinamico 282622359 - Capital Federal CPA",INTANGIBLE,#REV-0203,#REV-INT-0012
cmsg598bz00vl67qsvwxnu9g9,"AccesoD282623796","Acceso Dinamico 282623796 - Cordoba CPA",INTANGIBLE,#REV-0205,#REV-INT-0013
cmsg598bz00vk67qsqr8zxqrj,"AccesoD282623943","Acceso Dinamico 282623943 Rosario CPA",INTANGIBLE,#REV-0204,#REV-INT-0014
cmsg5983j00gg67qsm3n36z8f,"N030095","Antiparras FRAVIDA NACIONAL",TANGIBLE,#REV-0048,#REV-TAN-0032
cmsg597rp001l67qsj292rav5,"PUERTO","Apertura de Puerto",INTANGIBLE,#REV-0003,#REV-INT-0015
cmsg5995l022t67qsod0llw9s,"N081228","BALIZA",TANGIBLE,#REV-0741,#REV-TAN-0033
cmsg598m801de67qs56fbu2z1,"N080107","BANDERA DE PELIGRO",TANGIBLE,#REV-0377,#REV-TAN-0034
cmsg5990b01sc67qse6xlzya0,"N081073","BARBIJO DESCARTABLES",TANGIBLE,#REV-0596,#REV-TAN-0035
cmsg5990a01ni67qsg4ckhlqf,"N080998","BARNIZ",TANGIBLE,#REV-0529,#REV-TAN-0036
cmsg5990b01r267qsqh7lc15s,"N040527","BARRA DE ANCLAJE",TANGIBLE,#REV-0581,#REV-TAN-0037
cmsg5990901mj67qsutc28x92,"N080985","BIBLIORATO",TANGIBLE,#REV-0512,#REV-TAN-0038
cmsg598m6017n67qsteeopieh,"BPAyps","BIENES PERSONALES ACCIONES Y PARTICIPACION SOCIETARIA",INTANGIBLE,#REV-0327,#REV-INT-0016
cmsg5995l020c67qsnu8m9ot2,"N081201","BISAGRA",TANGIBLE,#REV-0709,#REV-TAN-0039
cmsg5983l00lk67qsob9oqus9,"N040311","BITUBO x Mts NACIONAL",TANGIBLE,#REV-0079,#REV-TAN-0040
cmsg598bz00vt67qskckzh0bn,"BLOQUE I","BLOQUE I",INTANGIBLE,#REV-0210,#REV-INT-0017
cmsg598bz00vu67qs4ipixfjf,"BLOQUE II","BLOQUE II",INTANGIBLE,#REV-0211,#REV-INT-0018
cmsg598bz00vv67qs59tqxsm4,"BLOQUE III","BLOQUE III",INTANGIBLE,#REV-0212,#REV-INT-0019
cmsg598bz00vw67qs3prhj7dt,"BLOQUE IV","BLOQUE IV",INTANGIBLE,#REV-0213,#REV-INT-0020
cmsg598bz00vx67qs5useuze8,"BLOQUE V","BLOQUE V",INTANGIBLE,#REV-0214,#REV-INT-0021
cmsg5990a01pk67qsfjq7373q,"N081029","BOCA DE ACCESO CLOACAL",TANGIBLE,#REV-0558,#REV-TAN-0041
cmsg598c3010x67qsserud1w4,"N030194","BOCALLAVE HEXAGONAL 1/2"" X 10 MM",TANGIBLE,#REV-0265,#REV-TAN-0042
cmsg598c3010u67qsqpcc2nkw,"N030191","BOCALLAVE HEXAGONAL 1/2"" X 11 MM",TANGIBLE,#REV-0264,#REV-TAN-0043
cmsg5983m00np67qsnzkz0b5z,"I080086","BODYCAM  DH-MPT220 IMPORTADO",TANGIBLE,#REV-0106,#REV-TAN-0044
cmsg5983m00ng67qs4byp6tu1,"N080086","BODYCAM  DH-MPT220 NACIONAL",TANGIBLE,#REV-0105,#REV-TAN-0045
cmsg5990b01qt67qsm0qb3f8c,"N081049","BOMBA DE AGUA CENTRIFUGA",TANGIBLE,#REV-0578,#REV-TAN-0046
cmsg598c3010y67qspk55q9tf,"N030195","BOMBA VACIO 70 LTS/M",TANGIBLE,#REV-0266,#REV-TAN-0047
cmsg5990c01w767qsnorkp3t4,"N020530","BOOSTER UHF 4G REG 19-34DB 12-24VDC",TANGIBLE,#REV-0657,#REV-TAN-0048
cmsg5983l00lo67qsuujgk4bf,"N040326","BORNE P/JABALINA 3/4 NACIONAL",TANGIBLE,#REV-0081,#REV-TAN-0049
cmsg5995l01zn67qsj3j3yj6e,"N081195","BORNE P/JABALINA PUESTA TIERRA",TANGIBLE,#REV-0702,#REV-TAN-0050
cmsg5995m024d67qsfscwmyey,"N081235","BORNERA",TANGIBLE,#REV-0753,#REV-TAN-0051
cmsg5990901lj67qs58n0sbjq,"N080964","BORRADOR PIZZARRA VIDRIO",TANGIBLE,#REV-0490,#REV-TAN-0052
cmsg5990901l967qsyp3e1kd7,"N080957","BOTIN DE SEGURIDAD (PAR)",TANGIBLE,#REV-0483,#REV-TAN-0053
cmsg5990b01sb67qs4k3ywnvm,"N081072","BOTIQUIN",TANGIBLE,#REV-0595,#REV-TAN-0054
cmsg5983m00pz67qs5xupra8w,"I080093","BOTON ANTIPANICO RC978",TANGIBLE,#REV-0117,#REV-TAN-0055
cmsg598c4013u67qsf6xhc8mg,"100106","BOTON ANTIPANICO RC978",TANGIBLE,#REV-0292,#REV-TAN-0056
cmsg5983m00q767qsqg51lv5j,"N080093","BOTON ANTIPANICO RC978 NACIONAL",TANGIBLE,#REV-0123,#REV-TAN-0057
cmsg5995l01zq67qsjv2xvrc3,"N081197","BOTÓN PULSADOR 28MM TIPO ARCADE",TANGIBLE,#REV-0705,#REV-TAN-0058
cmsg598m801em67qs973qpgq2,"N080823","BRAZO HIDRAULICO P/PUERTA",TANGIBLE,#REV-0387,#REV-TAN-0059
cmsg5990c01u567qs92hw2yxq,"N081111","BROCHE NEPACO",TANGIBLE,#REV-0623,#REV-TAN-0060
cmsg5990b01t867qsqtbhqbd3,"N081095","BROCHES",TANGIBLE,#REV-0608,#REV-TAN-0061
cmsg598m901fz67qsgl4gh29l,"N080850","BROCHES 10/50",TANGIBLE,#REV-0409,#REV-TAN-0062
cmsg598m901g067qs06o4f484,"N080851","BROCHES 21/6",TANGIBLE,#REV-0410,#REV-TAN-0063
cmsg598m901g167qsgahfbup0,"N080852","BROCHES 23/6",TANGIBLE,#REV-0411,#REV-TAN-0064
cmsg598m901g267qsxghv6th4,"N080853","BROCHES 23/8",TANGIBLE,#REV-0412,#REV-TAN-0065
cmsg598m901g367qsgg2d231y,"N080854","BROCHES 24/6",TANGIBLE,#REV-0413,#REV-TAN-0066
cmsg5990a01nq67qscx8degwk,"FEE","BUSCADOR DE PROGRAMACION WEB",INTANGIBLE,#REV-0534,#REV-INT-0022
cmsg598ma01kl67qsszqzufck,"N030350","BUSCAPOLO 140mm",TANGIBLE,#REV-0474,#REV-TAN-0067
cmsg5983k00i367qsoj7sxtc7,"030184","BUSCAPOLO SIN CONTACTO - VIRU-VIRU",TANGIBLE,#REV-0060,#REV-TAN-0068
cmsg598by00t067qs2j06ay2r,"N040062","CABLE .500 CON PORTANTE NACIONAL",TANGIBLE,#REV-0167,#REV-TAN-0069
cmsg5990c01vr67qsjtw6eoja,"N062267","CABLE ALARGUE USB MACHO/HEMBRA",TANGIBLE,#REV-0648,#REV-TAN-0070
cmsg5990c01vy67qsodudojfw,"N081148","CABLE BALANCEADO Dmx-MICROFONO-AUDIO",TANGIBLE,#REV-0653,#REV-TAN-0071
cmsg5995l020o67qs7y7ad05d,"N081206","CABLE CONCENTRICO",TANGIBLE,#REV-0715,#REV-TAN-0072
cmsg598by00u867qs7l1k4x4w,"N060115","CABLE CONSOLA/USB",TANGIBLE,#REV-0187,#REV-TAN-0073
cmsg597ru00cp67qswnnj1y9f,"N020049","CABLE DE SERVICIO x10mts NACIONAL",TANGIBLE,#REV-0038,#REV-TAN-0074
cmsg597rq005e67qsnx06d6d2,"I010104","CABLE DE SERVICIO x15mts IMPORTADO",TANGIBLE,#REV-0011,#REV-TAN-0075
cmsg597rr007h67qsrvc8qkzc,"I010246","CABLE DE SERVICIO x15mts IMPORTADO",TANGIBLE,#REV-0012,#REV-TAN-0076
cmsg597rq005d67qs0m5qg45f,"N010104","CABLE DE SERVICIO x15mts NACIONAL",TANGIBLE,#REV-0010,#REV-TAN-0077
cmsg597rr007i67qskp34aqfy,"N010246","CABLE DE SERVICIO x15mts NACIONAL",TANGIBLE,#REV-0013,#REV-TAN-0078
cmsg5990a01oi67qseff7wg7c,"N010718","CABLE DE SERVICIO x8mts NACIONAL",TANGIBLE,#REV-0538,#REV-TAN-0079
cmsg598m901hw67qs8teb1psg,"N020458","CABLE HDMI",TANGIBLE,#REV-0441,#REV-TAN-0080
cmsg598ma01jl67qsxj0t7njs,"N020461","CABLE HDMI x 10 mts",TANGIBLE,#REV-0465,#REV-TAN-0081
cmsg598ma01jy67qsa18et9ro,"N020463","CABLE HDMI x 20 mts",TANGIBLE,#REV-0468,#REV-TAN-0082
cmsg598m801cc67qs1wjwhepp,"N010689","CABLE HDMI x5mts",TANGIBLE,#REV-0356,#REV-TAN-0083
cmsg5983l00m667qszw6o5gci,"I060003","CABLE INTERLOCK NEGRO IMPORTADO",TANGIBLE,#REV-0083,#REV-TAN-0084
cmsg5983l00m767qsdxpahcck,"N060003","CABLE INTERLOCK NEGRO NACIONAL",TANGIBLE,#REV-0084,#REV-TAN-0085
cmsg597ru00e167qs55avoi38,"N020183","CABLE INTERLOCK P/C.M. DPQ3925 NACIONAL",TANGIBLE,#REV-0043,#REV-TAN-0086
cmsg598c5015k67qs10eme8mm,"100149","CABLE MC-AF6-AM6-18  18m",TANGIBLE,#REV-0309,#REV-TAN-0087
cmsg598c4013r67qsiqzok3vz,"100103","CABLE MC-PF3-B3-4",TANGIBLE,#REV-0291,#REV-TAN-0088
cmsg5983m00pw67qs7af46mnm,"I080088","CABLE MC-PF3-B3-4",TANGIBLE,#REV-0116,#REV-TAN-0089
cmsg5983m00q467qsyz7i0ipw,"N080088","CABLE MC-PF3-B3-4 NACIONAL",TANGIBLE,#REV-0122,#REV-TAN-0090
cmsg598m801ca67qs0vegw7zo,"N020439","CABLE PUGIN A PUGIN",TANGIBLE,#REV-0354,#REV-TAN-0091
cmsg5983n00rf67qs4dt0mzvb,"RCA","CABLE RCA A PLUGIN DE 3,5",TANGIBLE,#REV-0146,#REV-TAN-0092
cmsg5983n00rg67qsikrcyk9h,"RCA1","CABLE RCA A RCA",TANGIBLE,#REV-0147,#REV-TAN-0093
cmsg5995l021l67qsevf4yvcy,"N081214","CABLE TPR",TANGIBLE,#REV-0724,#REV-TAN-0094
cmsg5990d01xl67qsuawf11z2,"N081176","CABLE TPR 1x 2,5mm",TANGIBLE,#REV-0682,#REV-TAN-0095
cmsg5995l020n67qsoyfohfzp,"N020546","CABLE TPR 2x 1mm NACIONAL",TANGIBLE,#REV-0714,#REV-TAN-0096
cmsg598m801e067qsgh02eji6,"N020456","CABLE TPR 2x 2,5",TANGIBLE,#REV-0383,#REV-TAN-0097
cmsg5983n00rn67qs6l5tuc9e,"N020212","CABLE TPR 2x1,5 NACIONAL",TANGIBLE,#REV-0151,#REV-TAN-0098
cmsg5990a01na67qs47cdsd4i,"N020477","CABLE TPR 2x4 TIPO TALLER",TANGIBLE,#REV-0523,#REV-TAN-0099
cmsg5990c01wa67qsyv9t8wdd,"N081154","CABLE TPR 3x1,5mm",TANGIBLE,#REV-0660,#REV-TAN-0100
cmsg5990a01q567qsdci7351z,"N081036","CABLE TPR 3x2,5mm",TANGIBLE,#REV-0565,#REV-TAN-0101
cmsg5990a01q467qs9g6soycz,"N081035","CABLE TPR 3x4mm",TANGIBLE,#REV-0564,#REV-TAN-0102
cmsg5990a01n967qsbk21yseg,"N020476","CABLE TPR 4X6 TIPO TALLER",TANGIBLE,#REV-0522,#REV-TAN-0103
cmsg598c5015167qsgv01jhml,"I060125","CABLE USB A MINI USB x2mts IMPORTADO",TANGIBLE,#REV-0305,#REV-TAN-0104
cmsg598c5015067qs9kmgnozw,"N060125","CABLE USB A MINI USB x2mts NACIONAL",TANGIBLE,#REV-0304,#REV-TAN-0105
cmsg5990c01x667qs8mc0vi8l,"N062269","CABLE USB A a USB B",TANGIBLE,#REV-0677,#REV-TAN-0106
cmsg5990b01r167qs9trk2tw8,"N081055","CABLE VGA",TANGIBLE,#REV-0580,#REV-TAN-0107
cmsg598m801d767qs4uqi8xev,"N080105","CABO DE VIDA ANTICAIDA",TANGIBLE,#REV-0376,#REV-TAN-0108
cmsg598m901g767qsr7nalb1s,"N080859","CAJA ARCHIVO OFICIO/LEGAL",TANGIBLE,#REV-0416,#REV-TAN-0109
cmsg5995l022267qst6sse9ic,"N081223","CAJA ESTANCO",TANGIBLE,#REV-0732,#REV-TAN-0110
cmsg5990c01v167qs6hqix4bg,"N081131","CAJA ESTANCO 20X20",TANGIBLE,#REV-0635,#REV-TAN-0111
cmsg5990a01p067qs3nbu986j,"N081015","CAJA LUZ P/ EMPOTRAR",TANGIBLE,#REV-0546,#REV-TAN-0112
cmsg5983l00n567qsd40u8hg8,"N080050","CAJA SEGURIDAD P/EMPOTRAR NACIONAL",TANGIBLE,#REV-0104,#REV-TAN-0113
cmsg598bz00ul67qsgmurqymp,"CAMBIO","CAMBIO DE EQUIPO",INTANGIBLE,#REV-0192,#REV-INT-0023
cmsg598m801d067qsbp4zwv0q,"R2","CAMISA DE JEAN TALLE 40",TANGIBLE,#REV-0369,#REV-TAN-0114
cmsg598m801d167qsmprjgzws,"R3","CAMISA DE JEAN TALLE 42",TANGIBLE,#REV-0370,#REV-TAN-0115
cmsg598m801cz67qsd88hzxmy,"R1","CAMISA DE JEAN TALLE 52",TANGIBLE,#REV-0368,#REV-TAN-0116
cmsg5990901ls67qsc5rhl148,"N080971","CAMISA JEANS",TANGIBLE,#REV-0496,#REV-TAN-0117
cmsg598m801d567qso7tz4tdi,"R7","CAMPERA POLAR TALLE ""L""",TANGIBLE,#REV-0374,#REV-TAN-0118
cmsg598m801d667qsuzlod9r6,"R8","CAMPERA POLAR TALLE ""XXL""",TANGIBLE,#REV-0375,#REV-TAN-0119
cmsg5990c01v667qsalto12c4,"N081136","CANALETA",TANGIBLE,#REV-0639,#REV-TAN-0120
cmsg598m901i767qstob1whzl,"N080899","CANDADO CHICO",TANGIBLE,#REV-0446,#REV-TAN-0121
cmsg598m901i967qs6ude9txs,"N080901","CANDADO GRANDE",TANGIBLE,#REV-0448,#REV-TAN-0122
cmsg598m901i867qspwwrpos1,"N080900","CANDADO MEDIANO",TANGIBLE,#REV-0447,#REV-TAN-0123
cmsg5990901lp67qs46ju5uk3,"N080969","CANILLA MONOCOMADO FRIA",TANGIBLE,#REV-0494,#REV-TAN-0124
cmsg598bz00w267qspz19wjlx,"CANON","CANON ENACOM",INTANGIBLE,#REV-0217,#REV-INT-0024
cmsg5990b01s167qs95vx7y3z,"N081060","CAPA P/LLUVIA",TANGIBLE,#REV-0589,#REV-TAN-0125
cmsg5990c01vi67qs5hc15tjc,"N081139","CAPACITOR",TANGIBLE,#REV-0643,#REV-TAN-0126
cmsg5990c01v767qs6jr604hv,"N081137","CAPACITOR 20UF /440V",TANGIBLE,#REV-0640,#REV-TAN-0127
cmsg5983m00qr67qsxirr3wot,"PRESCAP","CAPITAL PRESTAMOS",INTANGIBLE,#REV-0134,#REV-INT-0025
cmsg5990c01u367qsnb6f9a46,"N081109","CARBONICO",TANGIBLE,#REV-0622,#REV-TAN-0128
cmsg5990d01yd67qs7bc57anf,"N0450415","CARCASA DE NODO CON DESCRIPCION EN PARTIDA",TANGIBLE,#REV-0694,#REV-TAN-0129
cmsg598bz00vs67qszypf4bgb,"N030143","CARETA APICULTOR",TANGIBLE,#REV-0209,#REV-TAN-0130
cmsg5990c01tz67qsyext81r8,"N081105","CARPETA",TANGIBLE,#REV-0620,#REV-TAN-0131
cmsg597rq003y67qsknvtnx8s,"cañyacc","CAÑERIAS Y ACCESORIOS",TANGIBLE,#REV-0005,#REV-TAN-0132
cmsg5990c01v267qsn38w7zl3,"N081132","CAÑO",TANGIBLE,#REV-0636,#REV-TAN-0133
cmsg5990a01oe67qsj6wtapzt,"N081000","CAÑO CORRUGADO",TANGIBLE,#REV-0536,#REV-TAN-0134
cmsg598m801f667qspdb5vc35,"N080827","CAÑO ESTRUC. 100x100x1,6",TANGIBLE,#REV-0394,#REV-TAN-0135
cmsg598m901h967qshzdeos43,"N080881","CAÑO ESTRUC. 100x20x1,6",TANGIBLE,#REV-0430,#REV-TAN-0136
cmsg598m901ha67qskmx2o6xo,"N080882","CAÑO ESTRUC. 15x15x1,6",TANGIBLE,#REV-0431,#REV-TAN-0137
cmsg5990901kq67qs03b5zwln,"N080946","CAÑO ESTRUC. 2""x1,6mm",TANGIBLE,#REV-0476,#REV-TAN-0138
cmsg5983l00m867qs1hp3u5xo,"N060049","CELULAR IPRO OPAL 4S NACIONAL",TANGIBLE,#REV-0085,#REV-TAN-0139
cmsg598c6016m67qsvchyqps4,"N040503","CENTRAL TELEFONICA ARRIS 2020",TANGIBLE,#REV-0316,#REV-TAN-0140
cmsg5990c01wn67qsvzw8y0a6,"N081162","CEPILLO",TANGIBLE,#REV-0667,#REV-TAN-0141
cmsg5990a01pe67qsnbqstuod,"N081023","CERAMICO",TANGIBLE,#REV-0555,#REV-TAN-0142
cmsg5983m00qq67qsd5299yla,"N080098","CERRADURA ELECTROMAGNETICA",TANGIBLE,#REV-0133,#REV-TAN-0143
cmsg598ma01jq67qs13gq4wia,"N080925","CERRADURA PUERTA",TANGIBLE,#REV-0466,#REV-TAN-0144
cmsg5995l020d67qs3zdridvh,"N081202","CERRADURA PUERTA - DOBLE PERNO",TANGIBLE,#REV-0710,#REV-TAN-0145
cmsg5983n00r867qsf8x71bj9,"CERTIFICADO ","CERTIFICADO",INTANGIBLE,#REV-0142,#REV-INT-0026
cmsg598c5015v67qsvx6d5zyk,"N010510","CHASIS MA5603 P/ADSL CON 5 PLACAS",TANGIBLE,#REV-0312,#REV-TAN-0146
cmsg5990901lu67qstmyqyphq,"N080973","CHOMPA PIQUE",TANGIBLE,#REV-0498,#REV-TAN-0147
cmsg5990b01rw67qs7ebzm7ln,"N081058","CIRCUITO INTEGRADO",TANGIBLE,#REV-0587,#REV-TAN-0148
cmsg5995l022c67qsvyuce4bh,"I081058","CIRCUITO INTEGRADO-IMPORTADO",TANGIBLE,#REV-0733,#REV-TAN-0149
cmsg5983n00rl67qs0vdu2lf9,"CISI","CISI",INTANGIBLE,#REV-0149,#REV-INT-0027
cmsg5990b01t567qs8l4zdn0d,"N081092","CLIP",TANGIBLE,#REV-0605,#REV-TAN-0150
cmsg598m901g467qsvnttqi9a,"N080856","CLIPS N°3",TANGIBLE,#REV-0414,#REV-TAN-0151
cmsg598m901g567qs198wmw4j,"N080857","CLIPS N°6",TANGIBLE,#REV-0415,#REV-TAN-0152
cmsg5990c01v367qsa03jz2um,"N081133","CODO",TANGIBLE,#REV-0637,#REV-TAN-0153
cmsg5990a01p467qska9jzwyn,"N081019","CODO FUSION",TANGIBLE,#REV-0548,#REV-TAN-0154
cmsg5983m00qc67qs7bul0180,"COMIS","COM. BANCARIAS POR IMPORTACION",INTANGIBLE,#REV-0128,#REV-INT-0028
cmsg5983n00sb67qs040ap1do,"COMBGRAV","COMISIONES BANCARIAS GRAV",INTANGIBLE,#REV-0162,#REV-INT-0029
cmsg5983n00sc67qsx6ju3wqs,"COMBNOGRAV","COMISIONES BANCARIAS NO GRAV",INTANGIBLE,#REV-0163,#REV-INT-0030
cmsg598m701b567qsq8pkogi3,"COMISIONES NO GRAVADAS","COMISIONES COBRANZAS NO GRAVADAS",INTANGIBLE,#REV-0346,#REV-INT-0031
cmsg598m701aq67qsa2bou6hg,"COMISIONES","COMISIONES POR COBRANZA",INTANGIBLE,#REV-0339,#REV-INT-0032
cmsg5983m00qi67qszxdjc4kk,"PC","COMPUTADORA",TANGIBLE,#REV-0131,#REV-TAN-0155
cmsg598bz00w567qsoxb7p0c6,"AP","CONFIGURACION AP",INTANGIBLE,#REV-0220,#REV-INT-0033
cmsg5983k00hp67qs7szqabjw,"030145","CONO SEGURIDAD VIAL",TANGIBLE,#REV-0056,#REV-TAN-0156
cmsg5990c01wf67qstscriyvq,"N081156","CONSOLA CONTROL P/STREAMING - 15 TECLAS",TANGIBLE,#REV-0661,#REV-TAN-0157
cmsg598m901hv67qsw9kh4wf8,"N010707","CONSOLA SONIDO - AUDIO",TANGIBLE,#REV-0440,#REV-TAN-0158
cmsg5990c01x467qsjdo7bbcs,"N081170","CONTACFLUX - FLUX",TANGIBLE,#REV-0676,#REV-TAN-0159
cmsg5990c01wr67qsvhehsboe,"N081165","CONTADORA DE BILLETES",TANGIBLE,#REV-0670,#REV-TAN-0160
cmsg5983l00n467qsom12tm44,"I060103","CONTROL ACCE. DHI-ASI3213G-MW IMPORTADO",TANGIBLE,#REV-0103,#REV-TAN-0161
cmsg5983l00n367qsqlko1jxt,"N060103","CONTROL ACCE. DHI-ASI3213G-MW NACIONAL",TANGIBLE,#REV-0102,#REV-TAN-0162
cmsg5983l00n167qsxgpswrcx,"I060102","CONTROL ACCE. DHI-ASI7213Y-V3 IMPORTADO",TANGIBLE,#REV-0100,#REV-TAN-0163
cmsg5983l00n267qsgcb8mg97,"N060102","CONTROL ACCE. DHI-ASI7213Y-V3 NACIONAL",TANGIBLE,#REV-0101,#REV-TAN-0164
cmsg598m801cq67qsbdrennba,"N060227","CONTROL ACCESO - HUELLA DIGITAL",TANGIBLE,#REV-0362,#REV-TAN-0165
cmsg5983l00mg67qsl4emx8xt,"I060074","CONTROL ACCESO DHI-ASI7213X-T1 IMPORTADO",TANGIBLE,#REV-0089,#REV-TAN-0166
cmsg5983l00mh67qswpeyx9pe,"N060074","CONTROL ACCESO DHI-ASI7213X-T1 NACIONAL",TANGIBLE,#REV-0090,#REV-TAN-0167
cmsg5983l00mf67qsq94xqhtj,"I060073","CONTROL ACCESO DHIASA4214F IMPORTADO",TANGIBLE,#REV-0088,#REV-TAN-0168
cmsg5983l00me67qsvmhl2eih,"N060073","CONTROL ACCESO DHIASA4214F NACIONAL",TANGIBLE,#REV-0087,#REV-TAN-0169
cmsg5990c01ws67qsct42fpho,"N081166","CONTROL REMOTO A/A UNIVERSAL",TANGIBLE,#REV-0671,#REV-TAN-0170
cmsg5983n00sj67qsgoa1p4dj,"CONTROLTCC","CONTROL REMOTO TCC",TANGIBLE,#REV-0165,#REV-TAN-0171
cmsg598bz00vy67qsw7xm60xm,"IIBBCONVENIO","CONVENIO / IIBB",INTANGIBLE,#REV-0215,#REV-INT-0034
cmsg598m801ey67qsz0p6c9zw,"N030335","CONVERTIDOR DE OXIDO",TANGIBLE,#REV-0391,#REV-TAN-0172
cmsg5995l020l67qstgko0p91,"N081205","COOLER 220V",TANGIBLE,#REV-0713,#REV-TAN-0173
cmsg598m801c867qs8nbfokth,"N060222","COOLER P/PC",TANGIBLE,#REV-0353,#REV-TAN-0174
cmsg598m901hs67qsm0athi49,"N080809","CORRECTOR LIQUIDO",TANGIBLE,#REV-0438,#REV-TAN-0175
cmsg5995l020z67qs0p6pc9ys,"N030400","CORTA VIDRIO",TANGIBLE,#REV-0718,#REV-TAN-0176
cmsg598m801fp67qsloeif4wp,"N080840","CUADERNO CHICO",TANGIBLE,#REV-0399,#REV-TAN-0177
cmsg598m801fo67qsl9alx3l0,"N080839","CUADERNO GRANDE",TANGIBLE,#REV-0398,#REV-TAN-0178
cmsg5990d01y567qs00ju4r4f,"N081184","CUTER TRINCHETA",TANGIBLE,#REV-0690,#REV-TAN-0179
cmsg598c4013y67qshb71sozy,"N030203","CUTTER COMUN 18mm",TANGIBLE,#REV-0296,#REV-TAN-0180
cmsg5983k00hr67qsjcv2188x,"030148","CUTTER TRAPEZOIDAL 19mm",TANGIBLE,#REV-0058,#REV-TAN-0181
cmsg598c3011o67qsnaqiwrlj,"100007","Cable 4 mm X100m color Celeste",TANGIBLE,#REV-0275,#REV-TAN-0182
cmsg598c3011p67qsdqpu8t9h,"100008","Cable 4 mm X100m color Rojo",TANGIBLE,#REV-0276,#REV-TAN-0183
cmsg598c3011q67qsqap8092j,"100009","Cable 4 mm X100m color Verde- Amarrilo",TANGIBLE,#REV-0277,#REV-TAN-0184
cmsg598c4014667qs33i8lvt4,"100120","Cable Sintenax 3x2,5 x 100mts",TANGIBLE,#REV-0298,#REV-TAN-0185
cmsg598c3011s67qslnx30775,"100011","Cable de cobre desnudo 6mm X5m",TANGIBLE,#REV-0278,#REV-TAN-0186
cmsg598c4014967qshhkphmzw,"100123","Cajas de acceso  en las instituciones",TANGIBLE,#REV-0299,#REV-TAN-0187
cmsg598c3011w67qspkji31c5,"100015","Cajas octogonales p/electricidad",TANGIBLE,#REV-0279,#REV-TAN-0188
cmsg598c3011x67qslfs6rpf9,"100016","Cajas rectangulares p/electricidad",TANGIBLE,#REV-0280,#REV-TAN-0189
cmsg5990b01qs67qsldqx8v85,"N081048","Capacitores de 20µf v 600 Volt",TANGIBLE,#REV-0577,#REV-TAN-0190
cmsg5983m00qt67qsjjueaqs5,"CARFIN","Cargos Financieros",INTANGIBLE,#REV-0136,#REV-INT-0035
cmsg598bz00vz67qshgdaftkh,"CFI","Cargos Financieros Impositivo",INTANGIBLE,#REV-0216,#REV-INT-0036
cmsg598by00ty67qssc7dd8ia,"CedAzul","Cedula Azul",INTANGIBLE,#REV-0179,#REV-INT-0037
cmsg5990c01vn67qs53sqziqd,"CERT","Certificaciones Bces",INTANGIBLE,#REV-0646,#REV-INT-0038
cmsg598c200zk67qsn3bo8qit,"CHRECHAZADO","Cheque Rechazado",INTANGIBLE,#REV-0245,#REV-INT-0039
cmsg5990901mq67qsc7q3zoje,"N080989","Conjunto de tablilla metalicas de 2300x1000mm",TANGIBLE,#REV-0515,#REV-TAN-0191
cmsg598by00tt67qsbzg37xpa,"Const","Constataciones",INTANGIBLE,#REV-0174,#REV-INT-0040
cmsg598bz00w767qs87m7zq6t,"Costos no deducibles","Costos no deducibles",INTANGIBLE,#REV-0221,#REV-INT-0041
cmsg5983m00qu67qs28z331s4,"CREDEBYCRED","Credito por Imp.Deb y Cred Bancario",INTANGIBLE,#REV-0137,#REV-INT-0042
cmsg598m901hx67qsnm0ek5d9,"CTASOCIOgo","Cuenta particular G.Olarte",INTANGIBLE,#REV-0442,#REV-INT-0043
cmsg598m901ij67qsjlpbifmb,"CTAPARTJLD","Cuenta particular J Diez",INTANGIBLE,#REV-0452,#REV-INT-0044
cmsg598m901hy67qs20srpakt,"CTASOCIOLr","Cuenta particular L.Ritzer",INTANGIBLE,#REV-0443,#REV-INT-0045
cmsg598c200zo67qswtqdortw,"CTASOCIO","Cuenta particular P.Olarte",INTANGIBLE,#REV-0247,#REV-INT-0046
cmsg5983m00pl67qsvc1v4fnu,"I010297","DCFW-1800E-N6008 SECURITY GATE",TANGIBLE,#REV-0112,#REV-TAN-0192
cmsg5983m00pm67qs40v1atqi,"N010297","DCFW-1800E-N6008 SECURITY GATE",TANGIBLE,#REV-0113,#REV-TAN-0193
cmsg5995l021767qsdrzo940p,"N010724","DCN DCWS-6028-C ACESS CONTROLLER",TANGIBLE,#REV-0720,#REV-TAN-0194
cmsg5990a01pt67qsxtzxnsqo,"I010724","DCN DCWS-6028-C ACESS CONTROLLER",TANGIBLE,#REV-0560,#REV-TAN-0195
cmsg5990a01pu67qse29i3xf0,"I010725","DCN WL8200-X10 INDOOR AP",TANGIBLE,#REV-0561,#REV-TAN-0196
cmsg5995l021a67qsnj1kji5x,"N010725","DCN WL8200-X10 INDOOR AP",TANGIBLE,#REV-0721,#REV-TAN-0197
cmsg5995l021b67qsd5q5dh50,"N010726","DCN WL8200-X4 INDOOR AP",TANGIBLE,#REV-0722,#REV-TAN-0198
cmsg5990a01pv67qszhzmznph,"I010726","DCN WL8200-X4 INDOOR AP",TANGIBLE,#REV-0562,#REV-TAN-0199
cmsg5990b01r467qs4h62f7jo,"N020501","DECODER IDS",TANGIBLE,#REV-0582,#REV-TAN-0200
cmsg5990b01r767qssq7k5t4u,"N020504","DECODER INTEK HD CABLE C/ AV HDM",TANGIBLE,#REV-0583,#REV-TAN-0201
cmsg598m901gv67qsk83b3gcj,"N080868","DELANTAL CUERO DESCARNE",TANGIBLE,#REV-0424,#REV-TAN-0202
cmsg598c000xu67qsf9em3lx5,"N010168","DEMODULADOR TECSYS TS 5605 A - NACIONAL",TANGIBLE,#REV-0233,#REV-TAN-0203
cmsg5990901lr67qs7t4v2k17,"DTO","DESCUENTOS",INTANGIBLE,#REV-0495,#REV-INT-0047
cmsg5990b01qq67qsk7zfw6my,"N030372","DESMALEZADORA",TANGIBLE,#REV-0576,#REV-TAN-0204
cmsg598c000wk67qs86vmwrow,"IPCZS","DETALLE EQUIPOS :",INTANGIBLE,#REV-0225,#REV-INT-0048
cmsg598bz00uh67qsjle4kpa1,"DETMIDDOS","DETECCION Y MITIGACION DE DDOS",INTANGIBLE,#REV-0191,#REV-INT-0049
cmsg598c000xy67qsmziusfeu,"N030167","DEVANADORA",TANGIBLE,#REV-0234,#REV-TAN-0205
cmsg5983l00mo67qshwx3tits,"I060082","DH-W-HDMI x 15 mts IMPORTADO",TANGIBLE,#REV-0093,#REV-TAN-0206
cmsg5983l00mp67qsvnpsosmw,"N060082","DH-W-HDMI x 15 mts NACIONAL",TANGIBLE,#REV-0094,#REV-TAN-0207
cmsg598m801dj67qsedu2ybc8,"N010695","DHI-ITASD-020RA - DETECTOR LUZ DE TRAFICO",TANGIBLE,#REV-0379,#REV-TAN-0208
cmsg598m901ir67qs9v0v57r9,"N080909","DHM-MAE-D200 BASE ACOPLAMIENTO",TANGIBLE,#REV-0454,#REV-TAN-0209
cmsg5990c01vj67qsrglgcord,"N081140","DIODO",TANGIBLE,#REV-0644,#REV-TAN-0210
cmsg598by00ug67qs0z6s4glz,"DIRIP","DIRECCIONES IP",INTANGIBLE,#REV-0190,#REV-INT-0050
cmsg598m801cl67qsz6w420og,"N060226","DISCOS RIGIDOS P/PC",TANGIBLE,#REV-0361,#REV-TAN-0211
cmsg5990a01p667qsper9lurx,"N062259","DISIPADOR Y COOLER",TANGIBLE,#REV-0550,#REV-TAN-0212
cmsg5990a01p967qsyld58v7d,"I062259","DISIPADOR Y COOLER-IMPORTADO",TANGIBLE,#REV-0552,#REV-TAN-0213
cmsg5983k00hq67qs6u2vujd7,"030147","DISPENSADOR DE ACOHOL ISIPROP.",TANGIBLE,#REV-0057,#REV-TAN-0214
cmsg5983k00go67qsq0msf7gz,"N010402","DISTRIBUIDOR ENERGIA 16A - EATON ATS",TANGIBLE,#REV-0054,#REV-TAN-0215
cmsg5990a01n267qsv2atgnv9,"N062256","DRUM ALT",TANGIBLE,#REV-0519,#REV-TAN-0216
cmsg598c5015m67qsvux6gmar,"N010501","DSLAN",TANGIBLE,#REV-0310,#REV-TAN-0217
cmsg598m701br67qsjotf1nao,"N010682","DVD NOBLEX DVH1700",TANGIBLE,#REV-0349,#REV-TAN-0218
cmsg5990b01rf67qsi34lr54k,"VtaCCC","Deudores por Venta CCC",INTANGIBLE,#REV-0586,#REV-INT-0051
cmsg598c000xk67qso0m5tl44,"Vtacolumbo","Deudores por Venta Columbo",INTANGIBLE,#REV-0230,#REV-INT-0052
cmsg598by00tu67qs58hi91a1,"Distrac","Distractos",INTANGIBLE,#REV-0175,#REV-INT-0053
cmsg5990901m167qsd644l7mk,"N040519","ECUALIZADOR DE LINEA 08DB",TANGIBLE,#REV-0504,#REV-TAN-0219
cmsg598c000xz67qsvgbwtc5i,"N040330","ECUALIZADOR DE LINEA 09DB NACIONAL",TANGIBLE,#REV-0235,#REV-TAN-0220
cmsg5983l00ln67qs963x1eoj,"N040325","ECUALIZADOR DE LINEA 11DB NACIONAL",TANGIBLE,#REV-0080,#REV-TAN-0221
cmsg5990a01oj67qso5hpmxlg,"N040521","ECUALIZADOR DE LINEA 20DB NACIONAL",TANGIBLE,#REV-0539,#REV-TAN-0222
cmsg598m6018667qs6yzh26ib,"N080101","ELECTRODO 2,5mm P/SOLDAR - PUNTA AZUL",TANGIBLE,#REV-0335,#REV-TAN-0223
cmsg5990b01s467qsvxpdnmhh,"N081064","ELEMENTO DE AMARRE 1004",TANGIBLE,#REV-0590,#REV-TAN-0224
cmsg5990b01s567qskv27bh9e,"N081065","ELEMENTO DE AMARRE ANTICAIDA 3001/2",TANGIBLE,#REV-0591,#REV-TAN-0225
cmsg5990b01s667qsqpop1gw6,"N081066","ELEMENTO DE AMARRE ANTICAIDA 3008/2",TANGIBLE,#REV-0592,#REV-TAN-0226
cmsg5990b01sa67qso8p6kl49,"N081071","ELEMENTO DE AMARRE CODIGO 1015",TANGIBLE,#REV-0594,#REV-TAN-0227
cmsg597rq003x67qsskms6vuo,"000025","ELEMENTOS DE SEGUIDAD 21%",INTANGIBLE,#REV-0004,#REV-INT-0054
cmsg598m901hb67qs2wggatee,"N080883","ENDUIDO",TANGIBLE,#REV-0432,#REV-TAN-0228
cmsg598c6016n67qs2mtiuqeh,"N040504","EQUIPO DE TRAMA TELEFONICA",TANGIBLE,#REV-0317,#REV-TAN-0229
cmsg598c2010a67qsl94pujej,"equipos 10.5","EQUIPOS",INTANGIBLE,#REV-0256,#REV-INT-0055
cmsg598bz00ux67qsyx06qe38,"090301","EQUIPOS CELULARES",TANGIBLE,#REV-0198,#REV-TAN-0230
cmsg5983m00qb67qs54ihjsrp,"insumos","EQUIPOS DE COMPUTACION 10,5%",INTANGIBLE,#REV-0127,#REV-INT-0056
cmsg5983m00qs67qslata5d1h,"insumos2","EQUIPOS DE COMPUTACION 21%",INTANGIBLE,#REV-0135,#REV-INT-0057
cmsg5995m023o67qsc4kffyxl,"N030409","ESCOBA P/CESPED",TANGIBLE,#REV-0748,#REV-TAN-0231
cmsg598m6017167qsfdndbowj,"N090100","ESCRITORIO 1 MTS",TANGIBLE,#REV-0320,#REV-TAN-0232
cmsg598m6017267qshye46h0z,"N090101","ESCRITORIO 1,4-1,5 MTS",TANGIBLE,#REV-0321,#REV-TAN-0233
cmsg598m6017467qs4k06pwjo,"N090103","ESCRITORIO EN L 120 x 120",TANGIBLE,#REV-0323,#REV-TAN-0234
cmsg5995l021167qsgfhotv5z,"N030402","ESCUADRA MAGNETICA",TANGIBLE,#REV-0719,#REV-TAN-0235
cmsg5990901l167qsj5dpnzys,"N080954","ESMALTE SINTETICO",TANGIBLE,#REV-0481,#REV-TAN-0236
cmsg5990b01qn67qs90hmi8gs,"N030369","ESPATULA",TANGIBLE,#REV-0575,#REV-TAN-0237
cmsg5990901m267qsgnl6x9qp,"N080977","ESTAÑO",TANGIBLE,#REV-0505,#REV-TAN-0238
cmsg5990901l567qsy8nclgck,"N080956","ESTAÑO 40% 1,2mm x 1,5mts",TANGIBLE,#REV-0482,#REV-TAN-0239
cmsg598m801f767qs6ap2xzcq,"N080828","ESTOPA",TANGIBLE,#REV-0395,#REV-TAN-0240
cmsg598m801fa67qsts4r1m0h,"N080831","ESTUFA/ CALOVENTOR",TANGIBLE,#REV-0396,#REV-TAN-0241
cmsg598m901h467qs1vqnb5hh,"N080876","EXCITADOR FM - M31",TANGIBLE,#REV-0427,#REV-TAN-0242
cmsg598c4013x67qsfz123qiv,"100109","EXT. CABLE MCNU-GXF4-GMX4-18",TANGIBLE,#REV-0295,#REV-TAN-0243
cmsg5983m00q267qs992kgsjy,"I080096","EXT. CABLE MCNU-GXF4-GMX4-18",TANGIBLE,#REV-0120,#REV-TAN-0244
cmsg5983m00qa67qsp51ivxhb,"N080096","EXT. CABLE MCNU-GXF4-GMX4-18 NACIONAL",TANGIBLE,#REV-0126,#REV-TAN-0245
cmsg5983m00q167qsoouzxrpv,"I080095","EXT. CABLE MCNU-GXF4-GXM4-6",TANGIBLE,#REV-0119,#REV-TAN-0246
cmsg598c4013w67qsjjgeawlh,"100108","EXT. CABLE MCNU-GXF4-GXM4-6",TANGIBLE,#REV-0294,#REV-TAN-0247
cmsg5983m00q967qs44lj7mxk,"N080095","EXT. CABLE MCNU-GXF4-GXM4-6 NACIONAL",TANGIBLE,#REV-0125,#REV-TAN-0248
cmsg5983k00ir67qskjktjjqh,"040044","Ecualizador de Linea 9db",TANGIBLE,#REV-0061,#REV-TAN-0249
cmsg598by00tw67qstzlnmctz,"ENvCD","Envio Carta Documento",INTANGIBLE,#REV-0177,#REV-INT-0058
cmsg598by00tx67qszfqtce3p,"ENVDG","Envio Documentación en General",INTANGIBLE,#REV-0178,#REV-INT-0059
cmsg598by00ts67qsifl6zg40,"Estat","Estatuto",INTANGIBLE,#REV-0173,#REV-INT-0060
cmsg5990a01q967qse9e21vgq,"N081039","Etoken et5110+ (Level 2)",TANGIBLE,#REV-0567,#REV-TAN-0250
cmsg5990a01qa67qsupewscwk,"N081040","Etoken et5110+ (Level 3)",TANGIBLE,#REV-0568,#REV-TAN-0251
cmsg598m901ii67qs2uytt2cz,"PREOC","Examenes preocupacionales",INTANGIBLE,#REV-0451,#REV-INT-0061
cmsg5995l01zj67qs9xxshaup,"FACTTC","FACTURAS TC A RECIBIR",INTANGIBLE,#REV-0701,#REV-INT-0062
cmsg5990901lm67qsmcpnbj5q,"N080967","FAJA LUMBAR",TANGIBLE,#REV-0493,#REV-TAN-0252
cmsg5990c01wg67qsix1x19ck,"N081157","FICHA CANON Xlr MACHO y HEMBRA (xPar)",TANGIBLE,#REV-0662,#REV-TAN-0253
cmsg5990901ld67qscu7u3o7y,"N080960","FICHA HEMBRA",TANGIBLE,#REV-0486,#REV-TAN-0254
cmsg598m901h867qs504196ck,"N080880","FICHA MACHO",TANGIBLE,#REV-0429,#REV-TAN-0255
cmsg598bz00um67qs2akj250p,"N020230","FICHA PLUG HUECO c/PIN CENTRAL 6x4,3x1,2mm",TANGIBLE,#REV-0193,#REV-TAN-0256
cmsg5995l01zr67qso7bnch6p,"N081198","FICHA PUG 1/4"" - 6,5mm AUDIO",TANGIBLE,#REV-0706,#REV-TAN-0257
cmsg5990c01wo67qswl5n2gn1,"N081163","FILM STRETCH 10cm",TANGIBLE,#REV-0668,#REV-TAN-0258
cmsg598ma01k767qswsq6igx0,"N080940","FILM STRETCH SIN CONO",TANGIBLE,#REV-0471,#REV-TAN-0259
cmsg597ru00cz67qsmt9hmzru,"N020199","FILTRO PASA ALTOS - HPF-54 NACIONAL",TANGIBLE,#REV-0040,#REV-TAN-0260
cmsg598c6016d67qscenv8q52,"N020409","FILTRO PASA ALTOS PCT-HPFA-102",TANGIBLE,#REV-0315,#REV-TAN-0261
cmsg5990c01uv67qssvrp24k4,"N020525","FILTRO PASABANDA LTE DE UHF",TANGIBLE,#REV-0633,#REV-TAN-0262
cmsg598by00uc67qs5u719e4s,"N010421","FIREWALL DCFW 1800E N6008 - DCN",TANGIBLE,#REV-0188,#REV-TAN-0263
cmsg598m901fv67qscdf3fvot,"N080846","FOLIO A4",TANGIBLE,#REV-0405,#REV-TAN-0264
cmsg598m901fu67qsbzrxi28g,"N080845","FOLIO OFICIO",TANGIBLE,#REV-0404,#REV-TAN-0265
cmsg5990a01nf67qsj7j2kn1u,"N080996","FRATACHO C/GOMA ESPUMA",TANGIBLE,#REV-0526,#REV-TAN-0266
cmsg5990a01ng67qsgqosh37o,"N080997","FRATACHO METALICO",TANGIBLE,#REV-0527,#REV-TAN-0267
cmsg5983n00rb67qstg5z3me6,"FUENTES","FUENTES DOCSIS",TANGIBLE,#REV-0144,#REV-TAN-0268
cmsg598by00t667qsqk5hzz3c,"FUMIGACION","FUMIGACION",INTANGIBLE,#REV-0170,#REV-INT-0063
cmsg5995l021w67qs0cvfkyy2,"N081219","FUNDA BOLSO DE PROTECCION",TANGIBLE,#REV-0728,#REV-TAN-0269
cmsg5995k01z267qsgtafvipd,"N081191","FUNDA CAPUCHON P/MICROFONO",TANGIBLE,#REV-0697,#REV-TAN-0270
cmsg5995m024e67qsjqifaks7,"N081236","FUSIBLE",TANGIBLE,#REV-0754,#REV-TAN-0271
cmsg5990901lz67qs75h206ms,"N080975","FUSIBLE 10 Amp.",TANGIBLE,#REV-0502,#REV-TAN-0272
cmsg5990b01sw67qs94r8b3pw,"N081087","FUSIBLE 15 Amp.",TANGIBLE,#REV-0600,#REV-TAN-0273
cmsg598bz00wc67qslfx3jynz,"FUSIONES","FUSIONES DE F.O.",INTANGIBLE,#REV-0223,#REV-INT-0064
cmsg598c5014d67qsu9gs4xa0,"100127","Filtro de linea 220V 10A",TANGIBLE,#REV-0300,#REV-TAN-0274
cmsg5990b01s867qsjgchxgt6,"N081068","GAFAS DE SEGURIDAD",TANGIBLE,#REV-0593,#REV-TAN-0275
cmsg598m801df67qs81jka123,"N080108","GAFAS OSCURAS DE SEGURIDAD",TANGIBLE,#REV-0378,#REV-TAN-0276
cmsg598c3010z67qsgj9lvqjw,"N030196","GARRAFA P/SOLDADURA REFRIG. 400 G",TANGIBLE,#REV-0267,#REV-TAN-0277
cmsg5983k00i267qs62e474su,"030177","GAS BUTANO REPUESTO P/SOPLETE",TANGIBLE,#REV-0059,#REV-TAN-0278
cmsg5990d01xt67qsmp5tmuc6,"N030388","GATO HIDRAULICO",TANGIBLE,#REV-0684,#REV-TAN-0279
cmsg5995l021q67qsybqw87p6,"N030403","GATO TIJERA",TANGIBLE,#REV-0725,#REV-TAN-0280
cmsg5990d01yj67qscq3qdaws,"N081186","GAZEBO PLEGABLE 3x3",TANGIBLE,#REV-0695,#REV-TAN-0281
cmsg598c200zl67qsbw7pilav,"GOCUENPARTICULAR","GO deudas fiscales",INTANGIBLE,#REV-0246,#REV-INT-0065
cmsg5990d01y367qst1mpw5ll,"N081182","GOMA P/BORRAR",TANGIBLE,#REV-0688,#REV-TAN-0282
cmsg598m901fy67qsd8xcrx7n,"N080849","GOMILLAS",TANGIBLE,#REV-0408,#REV-TAN-0283
cmsg597rt00ao67qs8yydud5r,"GPS","GPS",TANGIBLE,#REV-0026,#REV-TAN-0284
cmsg5983m00pv67qs7ufe9rcj,"I080087","GRAB. DHI-DAE-MXVR4104/4204-GFWI IMPORTADO",TANGIBLE,#REV-0115,#REV-TAN-0285
cmsg598c4013q67qsg57z9vdf,"100102","GRAB. DHI-DAE-MXVR4104/4204-GFWI IMPORTADO",TANGIBLE,#REV-0290,#REV-TAN-0286
cmsg5983m00q367qsh7cuax6m,"N080087","GRAB. DHI-DAE-MXVR4104/4204-GFWI NACIONAL",TANGIBLE,#REV-0121,#REV-TAN-0287
cmsg5990c01wk67qsjzc2b0az,"N081160","GRASA DISIPADORA DE CALOR",TANGIBLE,#REV-0665,#REV-TAN-0288
cmsg5990c01wi67qswhjvfch7,"N081159","GRASA EN AEROSOL",TANGIBLE,#REV-0664,#REV-TAN-0289
cmsg5983l00la67qs34tsb5o9,"N040253","GRILLETE-GUARDACABO NACIONAL",TANGIBLE,#REV-0076,#REV-TAN-0290
cmsg5995k01z567qsj668fkoz,"N081193","GRUPO ELECTROGENO",TANGIBLE,#REV-0699,#REV-TAN-0291
cmsg5990901mu67qs3sik5tl6,"N080990","GRUPO ELECTROGENO CUMMINS C45 D5 4",TANGIBLE,#REV-0517,#REV-TAN-0292
cmsg598m6017367qsf2fdobn8,"N090102","GRUPO ELETROGENO 15 KVA",TANGIBLE,#REV-0322,#REV-TAN-0293
cmsg5983l00km67qs98dgsbl4,"N040206","GUARDA CABO MN-2016 NACIONAL",TANGIBLE,#REV-0071,#REV-TAN-0294
cmsg5990c01vd67qs7y3l3tf0,"N010736","GUIA DE ONDA",TANGIBLE,#REV-0641,#REV-TAN-0295
cmsg598c2010n67qsomyhegex,"gasnorysat","Gasnor - Sat",INTANGIBLE,#REV-0263,#REV-INT-0066
cmsg598c5015767qs39t9eruq,"GRUPOELECTROGENO","Grupo Electrogeno Guardian 8 KVA Monofasico",TANGIBLE,#REV-0306,#REV-TAN-0296
cmsg598c000wx67qstonp847r,"HEBILLA","HEBILLA",TANGIBLE,#REV-0226,#REV-TAN-0297
cmsg5995l020i67qsuowox0cz,"N081203","HIDROLAVADORA",TANGIBLE,#REV-0711,#REV-TAN-0298
cmsg598m901ic67qsbqj07j73,"N080903","HORNO MICROONDAS",TANGIBLE,#REV-0449,#REV-TAN-0299
cmsg598m901hn67qsy2lr6gox,"N060238","HUB USB x4 PUERTOS",TANGIBLE,#REV-0436,#REV-TAN-0300
cmsg597rt00bm67qs55bwmzmd,"DHI-EVS5124S","Hadware de Grabación",TANGIBLE,#REV-0030,#REV-TAN-0301
cmsg598c2010m67qscmkcx98x,"HONORARIOS","Honorario por Gerenciamiento y Asesoramiento Legal, Fiscal y Contable",INTANGIBLE,#REV-0262,#REV-INT-0067
cmsg5990b01qg67qst1som0vs,"N081045","INODORO",TANGIBLE,#REV-0571,#REV-TAN-0302
cmsg598c000y667qsrrxmgr9o,"N040034","INSERTOR DE POTENCIA 60/90V - NACIONAL",TANGIBLE,#REV-0236,#REV-TAN-0303
cmsg5990a01od67qsaevt89yj,"ABL","INST DE EQUIPO DE GPS EN MOVILES",INTANGIBLE,#REV-0535,#REV-INT-0068
cmsg5995l022h67qsmqy1zzsg,"N081227","INTERCOMUNICADOR",TANGIBLE,#REV-0736,#REV-TAN-0304
cmsg598m801dv67qsra2xtbdr,"INTFISC","INTERESES FISCALES",INTANGIBLE,#REV-0382,#REV-INT-0069
cmsg5995k01z167qstd1bdr5u,"N081190","INTERFAZ AUDIO AI-MICRO 2 CANALES 3,5mm",TANGIBLE,#REV-0696,#REV-TAN-0305
cmsg598c2010l67qs3c16mr8h,"I020179","IP-TV BOX (muestra) IMPORTADO",TANGIBLE,#REV-0261,#REV-TAN-0306
cmsg598c2010k67qs0zk2mmpb,"N020179","IP-TV BOX (muestra) NACIONAL",TANGIBLE,#REV-0260,#REV-TAN-0307
cmsg5983l00mr67qs3c38hhnz,"I060083","IR-3.5MM-3M CABLE RECP.INFRARO IMPORTADO",TANGIBLE,#REV-0096,#REV-TAN-0308
cmsg5983l00mq67qsormgcppy,"N060083","IR-3.5MM-3M CABLE RECP.INFRARO NACIONAL",TANGIBLE,#REV-0095,#REV-TAN-0309
cmsg598c5015y67qspt7ywyuh,"N010513","IRD EXO",TANGIBLE,#REV-0313,#REV-TAN-0310
cmsg5983l00k467qsf20od5af,"ITEM1","ITEM 1.1",INTANGIBLE,#REV-0065,#REV-INT-0070
cmsg5983l00k567qsnmdrztoh,"ITEM2","ITEM 1.2",INTANGIBLE,#REV-0066,#REV-INT-0071
cmsg5983l00k667qsfa7ii3ih,"ITEM3","ITEM 1.3",INTANGIBLE,#REV-0067,#REV-INT-0072
cmsg598m801cd67qsqwpxjrtg,"N010690","Intercomunicador DHI-VTT201",TANGIBLE,#REV-0357,#REV-TAN-0311
cmsg5995l01zo67qsn01lj6vg,"N081196","JABALINA PUESTA TIERRA",TANGIBLE,#REV-0703,#REV-TAN-0312
cmsg598c100y767qspimytmxy,"N030168","JUEGO DE LLAVER TORX",TANGIBLE,#REV-0237,#REV-TAN-0313
cmsg598c100y867qsacpp51o2,"N030169","JUEGO DE LLAVES T (11, 12, 13 Y 14)",TANGIBLE,#REV-0238,#REV-TAN-0314
cmsg5990b01t167qstg44oku0,"N020518","JUNUO TV STICK",TANGIBLE,#REV-0603,#REV-TAN-0315
cmsg5990b01t267qs3dm1a1yu,"I020518","JUNUO TV STICK-IMPORTADO",TANGIBLE,#REV-0604,#REV-TAN-0316
cmsg598c4012x67qs5ujy6cax,"100052","Jabalina 5/8 X1m",TANGIBLE,#REV-0281,#REV-TAN-0317
cmsg5995l021y67qspagzjq2q,"N081220","KEROSENE",TANGIBLE,#REV-0730,#REV-TAN-0318
cmsg5983n00rp67qs7hodxhyx,"N030139","KIT 12 DESTORNILLADORES ELECTR. DESARMABLES",TANGIBLE,#REV-0152,#REV-TAN-0319
cmsg5983l00k767qsdb9468vj,"N030138","KIT 3 PINZAS ALTO VOLTAJE PLANA-PUNTA-ALICATE",TANGIBLE,#REV-0068,#REV-TAN-0320
cmsg5990b01qk67qs8pxlmvih,"N081047","KIT AUXILIO P/AUTOMOVIL",TANGIBLE,#REV-0574,#REV-TAN-0321
cmsg5995l020367qsm3xm8g7s,"N030397","KIT DE LIMPIEZA P/CELULARES",TANGIBLE,#REV-0708,#REV-TAN-0322
cmsg5995m023z67qshf81kkcu,"N030412","KIT DE PINZAS",TANGIBLE,#REV-0751,#REV-TAN-0323
cmsg5995m023y67qse3sc1w45,"N030411","KIT DESTORNILLADORES",TANGIBLE,#REV-0750,#REV-TAN-0324
cmsg5990901lv67qsgqaad8fi,"N030360","KIT DESTORNILLADORES PERILLEROS",TANGIBLE,#REV-0499,#REV-TAN-0325
cmsg598m801el67qsvmkiz05f,"N080822","KIT MICROF. P/CELULAR C/CAPUCHON Y AURICULAR",TANGIBLE,#REV-0386,#REV-TAN-0326
cmsg5990b01tk67qstvytfk8a,"N081099","KIT MICROFONO INALAMBRICO",TANGIBLE,#REV-0611,#REV-TAN-0327
cmsg5990a01qe67qsaty4iq1o,"N030367","KIT PINZAS BRUSELAS",TANGIBLE,#REV-0569,#REV-TAN-0328
cmsg5990c01uo67qsa5gqs312,"N030381","KIT TUBOS x25 Pzs. C/CRICKET 1/2""",TANGIBLE,#REV-0630,#REV-TAN-0329
cmsg598m901is67qs1o4x19sj,"N080911","KIT VIDEO INTERCOM DHI-KTP01 (F)",TANGIBLE,#REV-0455,#REV-TAN-0330
cmsg598m901gx67qsyuzdt2gk,"N080871","LADRILLO HUECO",TANGIBLE,#REV-0425,#REV-TAN-0331
cmsg5990b01rd67qsdpr4dl5q,"N081056","LAMPARA LED",TANGIBLE,#REV-0584,#REV-TAN-0332
cmsg598ma01jz67qslhiq67ds,"N080934","LAMPARA LED 11W",TANGIBLE,#REV-0469,#REV-TAN-0333
cmsg5983l00ks67qsnkdieber,"N040213","LAMPARA LED P/CALLE NACIONAL",TANGIBLE,#REV-0073,#REV-TAN-0334
cmsg597rp001j67qs95d6csl9,"LAN","LAN TO LAN",INTANGIBLE,#REV-0002,#REV-INT-0073
cmsg598m901i667qsl6qa7niw,"LAN2LAN","LAN2LAN",INTANGIBLE,#REV-0445,#REV-INT-0074
cmsg5990a01pc67qs1foonhoe,"N081021","LANA DE VIDRIO",TANGIBLE,#REV-0554,#REV-TAN-0335
cmsg598c200zz67qsnqg0dgqo,"N050107","LAPICERAS",TANGIBLE,#REV-0253,#REV-TAN-0336
cmsg598m901fx67qsf3edknoq,"N080848","LAPIZ NEGRO",TANGIBLE,#REV-0407,#REV-TAN-0337
cmsg5983l00mx67qsav6pzz0t,"I060092","LCD DHI-LS460UCM-EF -46"" IMPORTADO",TANGIBLE,#REV-0098,#REV-TAN-0338
cmsg5983l00my67qswv39hx62,"N060092","LCD DHI-LS460UCM-EF -46"" NACIONAL",TANGIBLE,#REV-0099,#REV-TAN-0339
cmsg5983l00mi67qs0faf8d7f,"I060079","LCD DHI-LS490UCM-EF 49"" IMPORTADO",TANGIBLE,#REV-0091,#REV-TAN-0340
cmsg5983l00mj67qs6txg53ou,"N060079","LCD DHI-LS490UCM-EF 49"" NACIONAL",TANGIBLE,#REV-0092,#REV-TAN-0341
cmsg598m901it67qsi9ecwqn9,"N080912","LCD DHL-FJ ACCESORIOS LCD VIDEOWALL",TANGIBLE,#REV-0456,#REV-TAN-0342
cmsg598m6017667qs9fxea262,"N090105","LECTOR DE HUELLA DIGITAL",TANGIBLE,#REV-0324,#REV-TAN-0343
cmsg598m801ck67qsurfjbwao,"N060225","LECTOR DVD P/PC",TANGIBLE,#REV-0360,#REV-TAN-0344
cmsg598c3011667qs8okmo2rf,"N030099","LETROGRAFO PLASTICO X 30 MM",TANGIBLE,#REV-0272,#REV-TAN-0345
cmsg598m901ie67qs5td8h653,"N062240","LFD 55"" VIDEO WALL 500 NITS",TANGIBLE,#REV-0450,#REV-TAN-0346
cmsg5990c01w167qsu8jk8n7l,"N081150","LIBROS SOCIETARIOS",INTANGIBLE,#REV-0655,#REV-INT-0075
cmsg5990d01ya67qsyy2ffpt9,"KIT","LICENCIAS Y DATOS PARA KIT DE MICRO EMBARCADO",INTANGIBLE,#REV-0692,#REV-INT-0076
cmsg5995l020j67qs1lx66nfl,"N081204","LIJA",TANGIBLE,#REV-0712,#REV-TAN-0347
cmsg598m901he67qswb3zskf5,"N080886","LIJA A AGUA 120 GR",TANGIBLE,#REV-0434,#REV-TAN-0348
cmsg598c100y967qsndfxpvlx,"N030170","LIMA DE METAL",TANGIBLE,#REV-0239,#REV-TAN-0349
cmsg5995l020p67qs1f160st7,"N081207","LIMITE DE CARRERA P/PORTON",TANGIBLE,#REV-0716,#REV-TAN-0350
cmsg598m901iu67qsnumvrn9y,"N080913","LS-E-L BARRA P/VIDEWALL",TANGIBLE,#REV-0457,#REV-TAN-0351
cmsg5995l022g67qsjdgukf85,"N081226","LUZ DE EMERGENCIA",TANGIBLE,#REV-0735,#REV-TAN-0352
cmsg598by00tv67qsh9l8f81c,"Legali","Legalización",INTANGIBLE,#REV-0176,#REV-INT-0077
cmsg5990c01xe67qsol9efhk1,"BOLD","Licenciamiento de módulos para app Go Tv",INTANGIBLE,#REV-0679,#REV-INT-0078
cmsg598m6017s67qsrk30ki4y,"N030306","MACHETE TIPO CIRIRI-20""",TANGIBLE,#REV-0331,#REV-TAN-0353
cmsg5990d01xx67qsvbbltajl,"N030389","MACHO P/ROSCAR",TANGIBLE,#REV-0686,#REV-TAN-0354
cmsg5995m023m67qs2k1gtkpn,"N030408","MALACATE",TANGIBLE,#REV-0747,#REV-TAN-0355
cmsg5990c01uq67qs52vzl9xw,"N081125","MALLA DESOLDANTE",TANGIBLE,#REV-0631,#REV-TAN-0356
cmsg5995l022q67qswmip5ikl,"N030407","MANGO CRIQUE",TANGIBLE,#REV-0739,#REV-TAN-0357
cmsg5995l022l67qsb9a3ki3a,"N020552","MANGUERA",TANGIBLE,#REV-0737,#REV-TAN-0358
cmsg598m901j767qsblsl64mx,"N080922","MANGUERA  ½""",TANGIBLE,#REV-0463,#REV-TAN-0359
cmsg598c3011167qs1ufdaoxw,"N030198","MANOMETRO/MANIFOLD CUERPO DE BRONCE",TANGIBLE,#REV-0268,#REV-TAN-0360
cmsg5983m00po67qsxywquyfv,"MANT","MANTENIMIENTOS VARIOS",INTANGIBLE,#REV-0114,#REV-INT-0079
cmsg5983n00sk67qsvljfg7nk,"MAUQINARIA","MAQUINARIAS",TANGIBLE,#REV-0166,#REV-TAN-0361
cmsg5990a01n767qs4mmor8sj,"N030102","MARCADOR AL ACEITE PUNTA REDONDA COLOR BLANCO",TANGIBLE,#REV-0521,#REV-TAN-0362
cmsg598c3011767qsjhdbmuoq,"N030101","MARCADOR AL ACEITE PUNTA REDONDA COLOR NEGRO",TANGIBLE,#REV-0273,#REV-TAN-0363
cmsg598m901fr67qsn9cf16rs,"N080842","MARCADOR AL AGUA",TANGIBLE,#REV-0401,#REV-TAN-0364
cmsg598m901fs67qs1z8jg1is,"N080843","MARCADOR INDELEBLE",TANGIBLE,#REV-0402,#REV-TAN-0365
cmsg598m901ft67qsudg44pkr,"N080844","MARCADOR PARA PIZZARRA",TANGIBLE,#REV-0403,#REV-TAN-0366
cmsg598m901fq67qsjb5ukrc3,"N080841","MARCADOR RESALTADOR",TANGIBLE,#REV-0400,#REV-TAN-0367
cmsg598c200zt67qsu8wjyptp,"N050004","MASCARA PARA SOLDAR",TANGIBLE,#REV-0249,#REV-TAN-0368
cmsg5990a01ou67qsbeeea1vg,"N081009","MASILLA",TANGIBLE,#REV-0544,#REV-TAN-0369
cmsg5990b01ts67qsete5er69,"N020522","MASTIL DE 2 MTS",TANGIBLE,#REV-0615,#REV-TAN-0370
cmsg5990c01w667qsqrs8pp57,"N020529","MASTIL DE 3 MTS",TANGIBLE,#REV-0656,#REV-TAN-0371
cmsg5990901lk67qsb4prbn98,"N080965","MATAFUEGOS",TANGIBLE,#REV-0491,#REV-TAN-0372
cmsg598m6018067qson5h1ola,"EJEMPLO","MATERIAL X",INTANGIBLE,#REV-0333,#REV-INT-0080
cmsg598by00u667qszx49l688,"MATERIALES AL 10.5","MATERIALES AL 10.5",INTANGIBLE,#REV-0185,#REV-INT-0081
cmsg598by00u767qsambbnort,"MATERIALES AL 21","MATERIALES AL 21",INTANGIBLE,#REV-0186,#REV-INT-0082
cmsg5990b01tq67qsip6yteu4,"N081101","MEDIA SOMBRA",TANGIBLE,#REV-0613,#REV-TAN-0373
cmsg5990c01wl67qsz4mfaoeq,"MEDICINA LABORAL","MEDICINA LABORAL",INTANGIBLE,#REV-0666,#REV-INT-0083
cmsg5990b01re67qsth0dw0p2,"N081057","MEMBRANA IMPERMEABLE",TANGIBLE,#REV-0585,#REV-TAN-0374
cmsg5983l00mu67qstsmvlim8,"N060088","MEMO RAM 16GB PC4 - 2400 NACIONAL",TANGIBLE,#REV-0097,#REV-TAN-0375
cmsg5983m00qh67qs3yui559f,"MES","MES",INTANGIBLE,#REV-0130,#REV-INT-0084
cmsg598m701ba67qs4g6zjc1r,"N030312","MESA PLEGABLE PARA FUSIONAR",TANGIBLE,#REV-0347,#REV-TAN-0376
cmsg5990a01np67qs0xl7tbhc,"XLM","METADATA PLATAFORMA CCC GO",INTANGIBLE,#REV-0533,#REV-INT-0085
cmsg5990a01no67qsw7zsurc6,"EPG","METADATA RED DE CABLE",INTANGIBLE,#REV-0532,#REV-INT-0086
cmsg5990b01tb67qs1k2ucfo4,"N062263","MICRO PROCESADOR INTEL CORE I7",TANGIBLE,#REV-0609,#REV-TAN-0377
cmsg5983m00q067qsztuzra4u,"I080094","MICROF. M869",TANGIBLE,#REV-0118,#REV-TAN-0378
cmsg598c4013v67qsccfc9rst,"100107","MICROF. M869",TANGIBLE,#REV-0293,#REV-TAN-0379
cmsg5983m00q867qsk5ftnpht,"N080094","MICROF. M869 NACIONAL",TANGIBLE,#REV-0124,#REV-TAN-0380
cmsg5995k01z767qsga5lg58c,"N081194","MICROFONO",TANGIBLE,#REV-0700,#REV-TAN-0381
cmsg5990c01vv67qs6pc7d7si,"N081145","MICROFONO P/PODCASTS",TANGIBLE,#REV-0652,#REV-TAN-0382
cmsg5990b01tr67qs34lecqd6,"N020521","MICRONODO OPTICO PR7332C",TANGIBLE,#REV-0614,#REV-TAN-0383
cmsg5990c01ty67qsphyffnkw,"N081104","MINA LAPIZ",TANGIBLE,#REV-0619,#REV-TAN-0384
cmsg597ru00cn67qsen1raxns,"n020044","MINI CUPLER 12DB NACIONAL",TANGIBLE,#REV-0037,#REV-TAN-0385
cmsg597rt00aw67qsej4ui99x,"N020043","MINI CUPLER 9DB NACIONAL",TANGIBLE,#REV-0027,#REV-TAN-0386
cmsg598c100yd67qsnghlqxvl,"N010429","MINI MODE DFB MN 870 MHZ 2 MW",TANGIBLE,#REV-0240,#REV-TAN-0387
cmsg598m801cb67qscysf615t,"N010688","MINI NODO OPTICO CON RETORNO",TANGIBLE,#REV-0355,#REV-TAN-0388
cmsg598c2010g67qsasdqd1v9,"N060007","MINI-PC EXO BITSY-XQ -V5488S NACIONAL",TANGIBLE,#REV-0259,#REV-TAN-0389
cmsg598bz00ut67qs45s2roh5,"SEGURIZ1067843","MITIGACION 1067843 CORRAL DE BUSTOS",INTANGIBLE,#REV-0197,#REV-INT-0087
cmsg598m701b167qsisapgy6d,"MITIGACION 1238277","MITIGACION 1238277",INTANGIBLE,#REV-0345,#REV-INT-0088
cmsg5983m00oz67qs5ecu6mow,"SEGURIZ952097","MITIGACION 952097 SALTA",INTANGIBLE,#REV-0109,#REV-INT-0089
cmsg5983m00p067qsj7o8i088,"SEGURIZ952098","MITIGACION 952098 CATAM-PERU",INTANGIBLE,#REV-0110,#REV-INT-0090
cmsg5983m00p167qsg1qbms1d,"SEGURIZ952102","MITIGACION 952102 P.GARCIA 175",INTANGIBLE,#REV-0111,#REV-INT-0091
cmsg5990b01tv67qs0wdj0369,"N040548","MODULO CON DESCRIPCIÓN EN PARTIDA",TANGIBLE,#REV-0616,#REV-TAN-0390
cmsg598c100yh67qsi362dhss,"N010433","MODULO DE MONITOREO TA8604JL-R",TANGIBLE,#REV-0241,#REV-TAN-0391
cmsg5990901kx67qs1c97c7vv,"N080951","MOLDURA MADERA x3mts",TANGIBLE,#REV-0479,#REV-TAN-0392
cmsg5983l00li67qslb2jt1c5,"N040305","MONOTUBO x Mts. NACIONAL",TANGIBLE,#REV-0078,#REV-TAN-0393
cmsg598c100yi67qstnqzrbcs,"N030182","MORDAZA TIPO PEINE UNIVERSAL",TANGIBLE,#REV-0242,#REV-TAN-0394
cmsg5990c01vk67qsub334ra7,"N081141","MOSFET IRF840",TANGIBLE,#REV-0645,#REV-TAN-0395
cmsg5990c01w867qsim6r3kmg,"N081151","MOSFET Irfp360lc Irfp360 400V 23A",TANGIBLE,#REV-0658,#REV-TAN-0396
cmsg5990c01w967qs2cqxtx71,"N081152","MOSFET Irlr3705z Irlr3705 Lr3705z 55 V",TANGIBLE,#REV-0659,#REV-TAN-0397
cmsg5983n00rq67qsbmb6oonu,"N030140","MOTOSIERRA 52,0cc 510mm 2,8HP - NAFTA",TANGIBLE,#REV-0153,#REV-TAN-0398
cmsg5983j00gh67qsmnh93qjr,"N030097","MOTOSIERRA PROFESIONAL NACIONAL",TANGIBLE,#REV-0049,#REV-TAN-0399
cmsg598m901iy67qsp890nam7,"N080917","MP06 INTERCOMUNICADOR 2 VIAS",TANGIBLE,#REV-0458,#REV-TAN-0400
cmsg598m901iz67qsi27h0yj7,"N080918","MPT320 TERMINAL MOVIL",TANGIBLE,#REV-0459,#REV-TAN-0401
cmsg598m801f167qsr9pycq3c,"I010703","MRS-7600E-48GT PLACA P/CHASIS",TANGIBLE,#REV-0393,#REV-TAN-0402
cmsg598m801f067qsbtbmctp1,"N010703","MRS-7600E-48GT PLACA P/CHASIS",TANGIBLE,#REV-0392,#REV-TAN-0403
cmsg5995m023567qsupwrelug,"N010795","MULTIPLEXOR NDS3107C",TANGIBLE,#REV-0743,#REV-TAN-0404
cmsg5995m023467qs854t4cei,"I010795","MULTIPLEXOR NDS3107C-IMPORTADO",TANGIBLE,#REV-0742,#REV-TAN-0405
cmsg598ma01ki67qsgs1f0rp4,"N090111","Matafuegos",TANGIBLE,#REV-0473,#REV-TAN-0406
cmsg5990a01p867qs0vgxehmz,"N062261","Micro Intel Xeon Silver 4214R 2.4GHz",TANGIBLE,#REV-0551,#REV-TAN-0407
cmsg5990a01pb67qs0j66nac3,"I062261","Micro Intel Xeon Silver 4214R 2.4GHz-IMPORTADO",TANGIBLE,#REV-0553,#REV-TAN-0408
cmsg598by00u267qs3bisknoo,"MYU","Muebles y Utiles",INTANGIBLE,#REV-0183,#REV-INT-0092
cmsg5990b01tm67qs1nbat4sf,"N040546","MÓDULO SUBTRONCAL MAGNAVOX PHILIPS",TANGIBLE,#REV-0612,#REV-TAN-0409
cmsg597ru00cq67qshxhpxsxg,"020058","NANO BEAM M5- 16DB NACIONAL",TANGIBLE,#REV-0039,#REV-TAN-0410
cmsg598m701bb67qsyser9kde,"N060215","NETEBOOK HP",TANGIBLE,#REV-0348,#REV-TAN-0411
cmsg5990d01xu67qs3v51y8uo,"N081178","NEUMATICO - CUBIERTAS",TANGIBLE,#REV-0685,#REV-TAN-0412
cmsg5990c01tw67qsqof4yfiy,"N040549","NODO CON DESCRIPCION EN PARTIDA",TANGIBLE,#REV-0617,#REV-TAN-0413
cmsg5990b01qi67qs2u4i9ns0,"N040526","NODO OPTICO 4 SALIDA - 60V/AC (MUESTRA)",TANGIBLE,#REV-0573,#REV-TAN-0414
cmsg5983l00ka67qsrmi9xs93,"N040186","NODO OPTICO 4 SALIDA - 862Mhz NACIONAL",TANGIBLE,#REV-0069,#REV-TAN-0415
cmsg597rs009a67qsqhkz00e2,"I010340","NVD1805DH-4I-4K IMPORTADO",TANGIBLE,#REV-0016,#REV-TAN-0416
cmsg597rs009b67qs5t6sp9qx,"N010340","NVD1805DH-4I-4K NACIONAL",TANGIBLE,#REV-0017,#REV-TAN-0417
cmsg597rs009y67qsj772st9f,"I010365","NVR2204-P-I IMPORTADO",TANGIBLE,#REV-0022,#REV-TAN-0418
cmsg597rs009t67qsuzqtd5a4,"N010365","NVR2204-P-I NACIONAL",TANGIBLE,#REV-0018,#REV-TAN-0419
cmsg597rt00a167qseh811fnx,"I010368","NVR2208-8P-I IMPORTADO",TANGIBLE,#REV-0024,#REV-TAN-0420
cmsg597rs009w67qsqyhl7wpv,"N010368","NVR2208-8P-I NACIONAL",TANGIBLE,#REV-0020,#REV-TAN-0421
cmsg597rt00a267qscgv7u5sz,"I010369","NVR5216-16P-I/L IMPORTADO",TANGIBLE,#REV-0025,#REV-TAN-0422
cmsg597rs009x67qsfrjors7o,"N010369","NVR5216-16P-I/L NACIONAL",TANGIBLE,#REV-0021,#REV-TAN-0423
cmsg598m901j067qstivpts0w,"N080919","NVR5216-8P-I/L",TANGIBLE,#REV-0460,#REV-TAN-0424
cmsg597rt00cb67qsgjlglhgg,"I010394","NVR5432-16P-I/L IMPORTADO",TANGIBLE,#REV-0035,#REV-TAN-0425
cmsg597rt00cc67qs7rpqew9v,"N010394","NVR5432-16P-I/L NACIONAL",TANGIBLE,#REV-0036,#REV-TAN-0426
cmsg597rt00c967qst24owwau,"I010393","NVR5464-4KS2 IMPORTADO",TANGIBLE,#REV-0033,#REV-TAN-0427
cmsg597rt00ca67qsc002s61o,"N010393","NVR5464-4KS2 NACIONAL",TANGIBLE,#REV-0034,#REV-TAN-0428
cmsg598m901j267qsf9pktlhh,"N080921","NVR608-32-4KS",TANGIBLE,#REV-0462,#REV-TAN-0429
cmsg597rs009z67qsjpik9w4b,"I010366","NVR608R-64-4KS2 IMPORTADO",TANGIBLE,#REV-0023,#REV-TAN-0430
cmsg597rs009u67qsjfa7neqg,"N010366","NVR608R-64-4KS2 NACIONAL",TANGIBLE,#REV-0019,#REV-TAN-0431
cmsg598c2010167qsoqy70cp5,"N030186","ODOMETRO",TANGIBLE,#REV-0254,#REV-TAN-0432
cmsg5990901ll67qs0tgix7d4,"N080966","OJO DE BUEY LUMINOSO",TANGIBLE,#REV-0492,#REV-TAN-0433
cmsg5990c01ul67qs7iu1uq64,"N030379","OSCILOSCOPIO",TANGIBLE,#REV-0629,#REV-TAN-0434
cmsg598m701au67qs0kfbvj7g,"OSDE","OSDE FLIA OLARTE",INTANGIBLE,#REV-0342,#REV-INT-0093
cmsg5990a01nj67qst639266v,"OPERATIVOS","OTROS COSTOS OPERATIVOS",INTANGIBLE,#REV-0530,#REV-INT-0094
cmsg5990901lf67qs1qcvtdgi,"N080961","PALLET ARLOG",TANGIBLE,#REV-0488,#REV-TAN-0435
cmsg598m701ao67qsfey0ilmj,"I080071","PANTALLA SMART INTERACTIVE - LCH75-MC410 -IMPORTADO",TANGIBLE,#REV-0337,#REV-TAN-0436
cmsg598m701ap67qs9q4hvdy0,"N080071","PANTALLA SMART INTERACTIVE - LCH75-MC410 -NACIONAL",TANGIBLE,#REV-0338,#REV-TAN-0437
cmsg598m801d367qs32a0sf3l,"R5","PANTALON DE JEAN TALLE 40",TANGIBLE,#REV-0372,#REV-TAN-0438
cmsg598m801d267qsezx0rsla,"R4","PANTALON DE JEAN TALLE 42",TANGIBLE,#REV-0371,#REV-TAN-0439
cmsg598m801d467qsnovmf5eh,"R6","PANTALON DE JEAN TALLE 52",TANGIBLE,#REV-0373,#REV-TAN-0440
cmsg5990901lt67qshak8gf99,"N080972","PANTALON JEANS",TANGIBLE,#REV-0497,#REV-TAN-0441
cmsg598c5014y67qs509sq61k,"PAQUETE","PAQUETE CODIFICADO FUTBOL",INTANGIBLE,#REV-0302,#REV-INT-0095
cmsg5995m023l67qstqoettcv,"BORD","PARTICIPACION BORDERAUX SHOW FUTTURA, HIPODROMO DE TUCUMAN",INTANGIBLE,#REV-0746,#REV-INT-0096
cmsg598m701ax67qsyovzdsu3,"PASACABLESP","PASACABLE PLASTICO",TANGIBLE,#REV-0343,#REV-TAN-0442
cmsg5983j00fc67qsnw59bx3e,"N030039","PASTECA SIMPLE NACIONAL",TANGIBLE,#REV-0045,#REV-TAN-0443
cmsg5990a01pi67qs41xyo2yo,"N081027","PASTINA",TANGIBLE,#REV-0556,#REV-TAN-0444
cmsg598c000wh67qssmnog60v,"N060069","PC EXO READY C2-V5448-i5 NACIONAL",TANGIBLE,#REV-0224,#REV-TAN-0445
cmsg5995l021s67qs166p9w27,"N081217","PEGAMENTO",TANGIBLE,#REV-0726,#REV-TAN-0446
cmsg5990c01u867qsl7xtyi3o,"N081114","PEGAMENTO EN BARRA",TANGIBLE,#REV-0625,#REV-TAN-0447
cmsg5983j00fm67qskwpbwk5u,"N030063","PELADORA .500 NACIONAL",TANGIBLE,#REV-0046,#REV-TAN-0448
cmsg5990d01yc67qsza8fcsrj,"N062270","PEN DRIVE",TANGIBLE,#REV-0693,#REV-TAN-0449
cmsg5990b01su67qstvbf1ip7,"N062262","PEN DRIVE 16 GB",TANGIBLE,#REV-0599,#REV-TAN-0450
cmsg5990c01vu67qs540ptloq,"N081144","PERFIL",TANGIBLE,#REV-0651,#REV-TAN-0451
cmsg598m901ht67qs25elmz0w,"N080810","PERFORADOR MEDIANO",TANGIBLE,#REV-0439,#REV-TAN-0452
cmsg598c200zv67qsghru4hcg,"N050103","PERFORADORA",TANGIBLE,#REV-0250,#REV-TAN-0453
cmsg5990901mr67qsl2fme7ey,"PERSONAL","PERSONAL 3ROS",INTANGIBLE,#REV-0516,#REV-INT-0097
cmsg5990c01x067qsflck1e3o,"N030036","PERTIGA",TANGIBLE,#REV-0675,#REV-TAN-0454
cmsg598m801fb67qs8ak8etxw,"N080832","PESTILLO ELECTRONICO",TANGIBLE,#REV-0397,#REV-TAN-0455
cmsg598m901j167qswlpd6r7z,"N080920","PFM374-L45 CAJA P/BATERIAL SOLAR",TANGIBLE,#REV-0461,#REV-TAN-0456
cmsg598c3011467qssl6pxahs,"N030201","PICO PARA SOLDAR GIRATORIO",TANGIBLE,#REV-0271,#REV-TAN-0457
cmsg5990a01ot67qsswkc26zh,"N081008","PILETA DE PISO",TANGIBLE,#REV-0543,#REV-TAN-0458
cmsg5983n00sg67qsuyu4csm7,"PINF90","PIN FINO 90º",TANGIBLE,#REV-0164,#REV-TAN-0459
cmsg598m801eu67qsopi0rrdx,"N030331","PINCEL CHICO",TANGIBLE,#REV-0388,#REV-TAN-0460
cmsg598m801ew67qsq2ic3vpm,"N030333","PINCEL GRANDE",TANGIBLE,#REV-0390,#REV-TAN-0461
cmsg598m801ev67qspudho5iv,"N030332","PINCEL MEDIANO",TANGIBLE,#REV-0389,#REV-TAN-0462
cmsg5990b01qh67qssey8r6e1,"N081046","PINTURA",TANGIBLE,#REV-0572,#REV-TAN-0463
cmsg598m901gr67qsc0qiy971,"N080867","PINTURA SINTETICA VERDE JHON DHEERE",TANGIBLE,#REV-0422,#REV-TAN-0464
cmsg598m901h667qscoky1psf,"N080878","PISOCANAL",TANGIBLE,#REV-0428,#REV-TAN-0465
cmsg598c2010f67qsab7wfl3c,"N020306","PITON Nº6 NACIONAL",TANGIBLE,#REV-0258,#REV-TAN-0466
cmsg598c2010e67qsj53iiro3,"N020305","PITON Nº8 NACIONAL",TANGIBLE,#REV-0257,#REV-TAN-0467
cmsg5995l022f67qs90gsnt7s,"N010787","PLACA CAPTURA - REPRODUCCION SDI 4K - BLACKMAGIC DECKLINK",TANGIBLE,#REV-0734,#REV-TAN-0468
cmsg5990901l067qsbedstir5,"N062246","PLACA DE AUDIO P/PC",TANGIBLE,#REV-0480,#REV-TAN-0469
cmsg598c6016p67qs5e690a4e,"N060201","PLACA DE CONTESTADOR TELEFONICO",TANGIBLE,#REV-0318,#REV-TAN-0470
cmsg5990901m567qslfatt7km,"N062247","PLACA DE RED PCI",TANGIBLE,#REV-0506,#REV-TAN-0471
cmsg5990c01vs67qsjsucaovp,"N062268","PLACA DE VIDEO",TANGIBLE,#REV-0649,#REV-TAN-0472
cmsg5990a01oz67qste0wnzwk,"N081014","PLACA DE YESO",TANGIBLE,#REV-0545,#REV-TAN-0473
cmsg5983l00ma67qsv5ek7twj,"N060067","PLACA HDMI P/PC - 4 SALIDAS NACIONAL",TANGIBLE,#REV-0086,#REV-TAN-0474
cmsg598c4013267qs0b5ey872,"100060","PLACA HUAWEI 16 PORT",TANGIBLE,#REV-0283,#REV-TAN-0475
cmsg5990c01vo67qsizvoepn9,"N062264","PLACA MADRE",TANGIBLE,#REV-0647,#REV-TAN-0476
cmsg598by00t367qswlpqxcak,"N060111","PLACA MADRE A520M-HDV AM4",TANGIBLE,#REV-0169,#REV-TAN-0477
cmsg5990c01vz67qs7lznnk7c,"N081149","PLACA PCI 7 PUERTOS USB",TANGIBLE,#REV-0654,#REV-TAN-0478
cmsg598m801c767qsujyjitjg,"N060221","PLACAS PC",TANGIBLE,#REV-0352,#REV-TAN-0479
cmsg5990c01v067qssb6skcop,"N081130","PLAFON P/LISTON LED",TANGIBLE,#REV-0634,#REV-TAN-0480
cmsg598m901gd67qs55yjv8po,"N080863","PLANCHUELA 1/2 X 3/16",TANGIBLE,#REV-0417,#REV-TAN-0481
cmsg5990c01wz67qs7ok5hdzu,"N040558","PLANCHUELA PERFORADA 0.25M",TANGIBLE,#REV-0674,#REV-TAN-0482
cmsg598by00u467qs5ucsyrej,"N080100","PLAQUETA UNIVERSAL QD-U08PGC+ para A/A.",TANGIBLE,#REV-0184,#REV-TAN-0483
cmsg5990a01nb67qsmdik6miz,"CCCGO","PLATAFORMA CCC GO",INTANGIBLE,#REV-0524,#REV-INT-0098
cmsg5983n00ry67qsfxjuy9v5,"N030141","PORTA BOBINA CHICO",TANGIBLE,#REV-0157,#REV-TAN-0484
cmsg5990901m067qsvutnik0j,"N080976","PORTA FUSIBLE",TANGIBLE,#REV-0503,#REV-TAN-0485
cmsg5995l022167qsikjchah5,"N081222","PORTA LAPICES",TANGIBLE,#REV-0731,#REV-TAN-0486
cmsg598m801cx67qshjxvhwim,"PORTAL","PORTAL CAUTIVO",INTANGIBLE,#REV-0366,#REV-INT-0099
cmsg5990c01xi67qs5rw75a65,"N081173","PORTALAMPARA",TANGIBLE,#REV-0681,#REV-TAN-0487
cmsg598c200zy67qsf4p0d1cf,"N050106","PORTALAPICES",TANGIBLE,#REV-0252,#REV-TAN-0488
cmsg5990d01xy67qsgz9gknmz,"N030390","PORTAMACHO P/ROSCAR",TANGIBLE,#REV-0687,#REV-TAN-0489
cmsg598m901hr67qs1vvqxqki,"N080808","POST IT",TANGIBLE,#REV-0437,#REV-TAN-0490
cmsg5983l00le67qslsduwe4s,"N040302","PRENSACABLE 3/16 METAL NACIONAL",TANGIBLE,#REV-0077,#REV-TAN-0491
cmsg5990901ly67qszez84c55,"PRESTPER","PRESTAMOS AL PERSONAL",INTANGIBLE,#REV-0501,#REV-INT-0100
cmsg598by00t267qscthvygr7,"N060110","PROCESADOR AMD 5PRO",TANGIBLE,#REV-0168,#REV-TAN-0492
cmsg598m901h367qstlq5xnxd,"N080875","PROCESADOR DE AUDIO FM - M31",TANGIBLE,#REV-0426,#REV-TAN-0493
cmsg5983k00gm67qs90pkt66n,"MENSUAL","PROGRAMACIÓN MENSUAL",INTANGIBLE,#REV-0053,#REV-INT-0101
cmsg5983k00gk67qs9af4cpn2,"BASICAS","PROGRAMACIÓN SEÑALES BASICAS",INTANGIBLE,#REV-0051,#REV-INT-0102
cmsg598m6018867qs85oprmml,"N060214","PROYECTOR BENQ MP611",TANGIBLE,#REV-0336,#REV-TAN-0494
cmsg597rt00bw67qs6vu3wz14,"Publi","PUBLICIDAD",INTANGIBLE,#REV-0032,#REV-INT-0103
cmsg598c4013567qsos12kmuw,"100063","PUENTE FIJO PARA BORNE de 6 mm",TANGIBLE,#REV-0284,#REV-TAN-0495
cmsg5995l022s67qs3pnm5i11,"N010789","PUERTA DE ENLACE VOIP - GATEWAY",TANGIBLE,#REV-0740,#REV-TAN-0496
cmsg5990a01pj67qsknlnbiki,"N081028","PUERTAS",TANGIBLE,#REV-0557,#REV-TAN-0497
cmsg5983m00qp67qsxydwcskv,"N080097","PULSADOR PUERTA SALDIDA T60B - NACIONAL",TANGIBLE,#REV-0132,#REV-TAN-0498
cmsg598m701b067qs6zfmq8mh,"N080102","PULSERA ELECTRONICA - KIT COMPLETO",TANGIBLE,#REV-0344,#REV-TAN-0499
cmsg598c2010567qsckv4jxi5,"N030188","PUNTA PARA SOPLETE AEROSOL",TANGIBLE,#REV-0255,#REV-TAN-0500
cmsg598c3011267qsbkhxgp3g,"N030199","PUNZON EXPANSOR",TANGIBLE,#REV-0269,#REV-TAN-0501
cmsg598by00ta67qso3kjcr0f,"PXS","Pago por subrogación",INTANGIBLE,#REV-0171,#REV-INT-0104
cmsg5983n00rv67qska8zdznu,"Pantallas","Pantallas Video Wall",TANGIBLE,#REV-0155,#REV-TAN-0502
cmsg598bz00ur67qsfthoqtyd,"090006","Parlante p/PC",TANGIBLE,#REV-0196,#REV-TAN-0503
cmsg5983m00nt67qs1wgy9rcr,"090002","Parlantes Melody",TANGIBLE,#REV-0108,#REV-TAN-0504
cmsg598bz00vn67qs69jp0h11,"1547051","Parque Autoctono",INTANGIBLE,#REV-0207,#REV-INT-0105
cmsg598c4013067qsd5oct2uk,"100057","Periscopio de 6 salidasas cableado",TANGIBLE,#REV-0282,#REV-TAN-0505
cmsg597rt00bl67qso8x23lq2,"Axxon Soft","Plataforma gestión de video",INTANGIBLE,#REV-0029,#REV-INT-0106
cmsg598by00tr67qsuu6bupi8,"Pode","Poder General",INTANGIBLE,#REV-0172,#REV-INT-0107
cmsg5995m024k67qs3rsi22iq,"REV-INT-TEST5","Prueba Bot",TANGIBLE,#REV-0756,#REV-TAN-0506
cmsg5995m024g67qs7e78dor8,"REV-INT-TEST4","Prueba Bot",TANGIBLE,#REV-0755,#REV-TAN-0507
cmsg5983n00rx67qsxpwr2ka5,"Puesto de Trabajo","Puesto de Trabajo - Centro de Monitoreo",INTANGIBLE,#REV-0156,#REV-INT-0108
cmsg598c5014l67qsxz1cr33g,"100135","Pulsador de emergencia NC - NA",TANGIBLE,#REV-0301,#REV-TAN-0508
cmsg598c6016q67qsldtjg81h,"N060202","QAM ND530 16 IN 1",TANGIBLE,#REV-0319,#REV-TAN-0509
cmsg5990d01y767qs8t6b5bdr,"N010752","QSFP - MODULO 40G-20KM BIFILAR",TANGIBLE,#REV-0691,#REV-TAN-0510
cmsg598m801cu67qstzlzr6z0,"20SW000153268","R-SW-AOS-PRO PRD",INTANGIBLE,#REV-0363,#REV-INT-0109
cmsg598m701as67qsy8w3nugx,"RECARGO","RECARGO BILLETES BAJA NOMINACION",INTANGIBLE,#REV-0341,#REV-INT-0110
cmsg5990c01vt67qsldqgi76v,"MORA","RECARGO POR MORA",INTANGIBLE,#REV-0650,#REV-INT-0111
cmsg5990c01tx67qsgg6ljzbk,"N081103","RECIBO",TANGIBLE,#REV-0618,#REV-TAN-0511
cmsg5990901mi67qslvmmojm9,"N080984","RECIBOS USARES 1825 CARBONICO QUIMICO",TANGIBLE,#REV-0511,#REV-TAN-0512
cmsg598m801c667qsif4xkgiv,"N060220","REFLECTORES 30W",TANGIBLE,#REV-0351,#REV-TAN-0513
cmsg5990c01u167qs7i2offt8,"N081107","REGLA",TANGIBLE,#REV-0621,#REV-TAN-0514
cmsg598m701bs67qsj8v9ertw,"N080104","RELOJ BIOMETRICO ANVIZ",TANGIBLE,#REV-0350,#REV-TAN-0515
cmsg598m6017p67qssjlufcf0,"RELOJ","RELOJ CONTROL DE ACCESO",TANGIBLE,#REV-0329,#REV-TAN-0516
cmsg598ma01jt67qs9uv1mog0," N080928","REMACHE POP",TANGIBLE,#REV-0467,#REV-TAN-0517
cmsg5995m024267qsfeem2nd9,"N081232","REMACHES",TANGIBLE,#REV-0752,#REV-TAN-0518
cmsg5995m023h67qsur8ky8rr,"RACC","RENDIMIENTO ACCIONES CON COTIZACION",INTANGIBLE,#REV-0744,#REV-INT-0112
cmsg5990b01ry67qs0gy85rrg,"N010775","REPRODUCTO DVD - USB",TANGIBLE,#REV-0588,#REV-TAN-0519
cmsg598c4013z67qs5e4pfzn6,"N030204","REPUESTO FILO CUTTER 18mm",TANGIBLE,#REV-0297,#REV-TAN-0520
cmsg598c000x967qspln0gam3,"N030181","REPUESTO FILO CUTTER TRAPEZOIDAL X 10 UN.",TANGIBLE,#REV-0228,#REV-TAN-0521
cmsg5990901mp67qsnbeyb4u7,"N080988","RESMAS",TANGIBLE,#REV-0514,#REV-TAN-0522
cmsg5990901kp67qskbn8md71,"N080945","RIEL DIN 35mm x1mt.",TANGIBLE,#REV-0475,#REV-TAN-0523
cmsg5990a01qf67qsbrmsecd1,"N081044","RODILLO",TANGIBLE,#REV-0570,#REV-TAN-0524
cmsg5990a01q167qst8g838oe,"N030365","ROLDANA",TANGIBLE,#REV-0563,#REV-TAN-0525
cmsg5990c01u667qsmyk3q16p,"N081112","ROLLO DE PAPEL P/CALCULADORA",TANGIBLE,#REV-0624,#REV-TAN-0526
cmsg5990c01ur67qsxkd36559,"N081126","ROLLO PAPEL P/FAX",TANGIBLE,#REV-0632,#REV-TAN-0527
cmsg5983k00ho67qsama61uhu,"030137","ROTOMARTILLO",TANGIBLE,#REV-0055,#REV-TAN-0528
cmsg598m801cw67qs56d8hxwb,"20SM6L280497","RS-HW-PRD-MY",TANGIBLE,#REV-0365,#REV-TAN-0529
cmsg5983n00s467qskare5s84,"RECAUD","Recaudación",INTANGIBLE,#REV-0158,#REV-INT-0113
cmsg5983n00r767qskh3e6v17,"000071","Refrigerios Administración IVA10.5%",INTANGIBLE,#REV-0141,#REV-INT-0114
cmsg598m801cv67qse574kh3d,"Reinstatement Fees","Reinstatement Fees",INTANGIBLE,#REV-0364,#REV-INT-0115
cmsg5983n00qv67qsyxl2qxel,"Vidrio01","Reparación de piel de vidrio",INTANGIBLE,#REV-0138,#REV-INT-0116
cmsg598c4013767qsgdofp4ex,"100065","Riel DIN",TANGIBLE,#REV-0285,#REV-TAN-0530
cmsg598c4013867qsfrwgqplw,"100066","Rosca tomacable T2",TANGIBLE,#REV-0286,#REV-TAN-0531
cmsg5990d01y467qs6rramdw0,"N081183","SACAPUNTAS",TANGIBLE,#REV-0689,#REV-TAN-0532
cmsg5983n00s667qsuu0nrzie,"SALDO PROVIDERS TANGO","SALDO INICIAL PROVIDERS TANGO",INTANGIBLE,#REV-0160,#REV-INT-0117
cmsg5983n00rm67qsn507a9c8,"TRASLADO","SALDO INICIAL TANGO",INTANGIBLE,#REV-0150,#REV-INT-0118
cmsg5983m00qd67qs0p29ujrg,"SDOTECFAVAFIP","SALDO TECNICO A FAVOR DE AFIP",INTANGIBLE,#REV-0129,#REV-INT-0119
cmsg598c5015i67qsex7g0mza,"SCA","SCA- Servicios de Comunicacion Audiovisual",INTANGIBLE,#REV-0308,#REV-INT-0120
cmsg598m701ar67qslvn493c3,"SERVSEG","SEGURIDAD PRIVADA",INTANGIBLE,#REV-0340,#REV-INT-0121
cmsg5990c01vg67qswnuicpn5,"N081138","SELLADOR",TANGIBLE,#REV-0642,#REV-TAN-0533
cmsg5990901mf67qs9k7g1rv5,"N080983","SELLAROSCA",TANGIBLE,#REV-0509,#REV-TAN-0534
cmsg5990a01n567qs22dwo5q3,"DISTRIBUCION","SERV DE DISTRIBUCION DE FC Y REVISTAS",INTANGIBLE,#REV-0520,#REV-INT-0122
cmsg597ru00dx67qs0tjn6ki9,"SERVICIOSERVICIO","SERVICIO",INTANGIBLE,#REV-0041,#REV-INT-0123
cmsg598c5014z67qs2nfgj6p7,"CATV","SERVICIO DE CABLE",INTANGIBLE,#REV-0303,#REV-INT-0124
cmsg597rt00bp67qsle6wwuce,"SERVICIO","SERVICIO MENSUAL",INTANGIBLE,#REV-0031,#REV-INT-0125
cmsg5983k00gj67qsx1vwtg96,"DEPORTIVAS","SEÑALES DEPORTIVAS",INTANGIBLE,#REV-0050,#REV-INT-0126
cmsg5983k00gl67qsui44lc2n,"FOX","SEÑALES PREMIUM",INTANGIBLE,#REV-0052,#REV-INT-0127
cmsg598by00uf67qslthyu37i,"SICGAN","SICORE-GANANCIAS",INTANGIBLE,#REV-0189,#REV-INT-0128
cmsg598bz00vg67qsr6smp50l,"090306","SILLA DE ESCRITORIO ROYAL DESIGN",TANGIBLE,#REV-0202,#REV-TAN-0535
cmsg5983n00sa67qsqafruvkw,"SILLA","SILLA EJECUTIVA DE OFICINA",TANGIBLE,#REV-0161,#REV-TAN-0536
cmsg598bz00vq67qshd8v9hzm,"Capa","SISTEMA CAPACITACIONES Y CONSULTAS",INTANGIBLE,#REV-0208,#REV-INT-0129
cmsg597rs008b67qsfl7q1qbb,"I010287","SLOT BOX VACIO 1:8 IMPORTADO",TANGIBLE,#REV-0015,#REV-TAN-0537
cmsg597rs008a67qs3zzol95n,"N010287","SLOT BOX VACIO 1:8 NACIONAL",TANGIBLE,#REV-0014,#REV-TAN-0538
cmsg5990c01ua67qssmqtzdzw,"N081102","SOBRE",TANGIBLE,#REV-0627,#REV-TAN-0539
cmsg598m901fw67qsx9kblhln,"N080847","SOBRE OFICIO INGLES",TANGIBLE,#REV-0406,#REV-TAN-0540
cmsg598m801du67qsrcd30xrz,"SOFTWARE","SOFTWARE Y LICENCIAS 21%",INTANGIBLE,#REV-0381,#REV-INT-0130
cmsg5990901le67qs4uefcusn,"N030357","SOLDADOR ESTAÑO TIPO LAPIZ",TANGIBLE,#REV-0487,#REV-TAN-0541
cmsg598ma01k867qsh5poroby,"N080941","SUPERBOARD 15mm - 1,20x2,40mts",TANGIBLE,#REV-0472,#REV-TAN-0542
cmsg598bz00v167qsbiy6eaa2,"Sellobcrio","Sello Bancario",INTANGIBLE,#REV-0199,#REV-INT-0131
cmsg5995l01zv67qspyp150r0,"STICK","Servicio Mensual Stick",INTANGIBLE,#REV-0707,#REV-INT-0132
cmsg597rp001h67qsunse4zy2,"CABLE","Servicio de Cable",INTANGIBLE,#REV-0001,#REV-INT-0133
cmsg5983n00rt67qslskc7i1n,"HCORP","Servicio de Gerenciamiento, Asesoria legal y contable",INTANGIBLE,#REV-0154,#REV-INT-0134
cmsg598bz00w467qs0rza8r6u,"Servicios Tecnicos de Terceros","Servicios Tecnicos de Terceros",INTANGIBLE,#REV-0219,#REV-INT-0135
cmsg598m6018167qs9390efo4,"SILLASS","Sillas",TANGIBLE,#REV-0334,#REV-TAN-0543
cmsg598bz00up67qsscj9zq7z,"090201","Sillas",TANGIBLE,#REV-0195,#REV-TAN-0544
cmsg598m6017967qs36efvbsc,"N090108","Sillas de oficina",TANGIBLE,#REV-0326,#REV-TAN-0545
cmsg598c200zg67qsmjdffsdm,"SINDICATO","Sindicato",INTANGIBLE,#REV-0244,#REV-INT-0136
cmsg5983n00s567qs7667050l,"PEDFOND","Solicitud de Fondos",INTANGIBLE,#REV-0159,#REV-INT-0137
cmsg5990a01ne67qsjh10gggi,"N080995","TABLERO DE TRANSFERENCIA P/GRUPO ELECTROG.",TANGIBLE,#REV-0525,#REV-TAN-0546
cmsg5995l020v67qsl3yktksl,"N081211","TANZA",TANGIBLE,#REV-0717,#REV-TAN-0547
cmsg598bz00v267qsdyq0gksv,"N040148","TAPON CARGA 75 OHM - NACIONAL",TANGIBLE,#REV-0200,#REV-TAN-0548
cmsg5983l00jm67qs96c8fej1,"N040139","TAPON SEGURIDAD 75 OHM NACIONAL",TANGIBLE,#REV-0062,#REV-TAN-0549
cmsg5990901kr67qsgzysh5x3,"TENDRED","TASA MUNICIPAL TENDIDO RED TV",INTANGIBLE,#REV-0477,#REV-INT-0138
cmsg5983n00rk67qsn21ynvxx,"N060100","TELEF. VOIP SIP-T19-E2 -- YEALINK",TANGIBLE,#REV-0148,#REV-TAN-0550
cmsg598m801ci67qszizocy5u,"N060223","TELEFONO FIJO",TANGIBLE,#REV-0359,#REV-TAN-0551
cmsg5990b01t067qsr0id92ph,"N081090","TERMINAL OJAL GRANDE P/CABLE",TANGIBLE,#REV-0602,#REV-TAN-0552
cmsg5990901lc67qsgk5lpz39,"N080959","TERMINAL OJAL P/CABLE",TANGIBLE,#REV-0485,#REV-TAN-0553
cmsg5990901lb67qsj4rxl71o,"N080958","TERMINAL PALA P/CABLE",TANGIBLE,#REV-0484,#REV-TAN-0554
cmsg5983l00ls67qsrcrdutgd,"N040333","TERMINAL TELEF. EMERGENCIA NACIONAL",TANGIBLE,#REV-0082,#REV-TAN-0555
cmsg5990901li67qswqk5cw3n,"N080963","TIJERA",TANGIBLE,#REV-0489,#REV-TAN-0556
cmsg598c200zf67qs3x5n7vzb,"N030185","TIJERA PARA OJALATA",TANGIBLE,#REV-0243,#REV-TAN-0557
cmsg598m801dl67qsw0auk5i1,"N010312","TIME CREATOR 1000SYMMETRICOM",TANGIBLE,#REV-0380,#REV-TAN-0558
cmsg598m901gs67qszw5sk3se,"N030341","TINER / THINNER",TANGIBLE,#REV-0423,#REV-TAN-0559
cmsg5995l01zp67qsvuy3a92r,"N062271","TINTA EPSON 544",TANGIBLE,#REV-0704,#REV-TAN-0560
cmsg598m901gq67qsgqicodze,"N060237","TINTA EPSON 664 - AMARILLO",TANGIBLE,#REV-0421,#REV-TAN-0561
cmsg598m901go67qsso5kfg4d,"N060235","TINTA EPSON 664 - CIAN",TANGIBLE,#REV-0419,#REV-TAN-0562
cmsg598m901gp67qs0rc9ykpo,"N060236","TINTA EPSON 664 - MAGENTA",TANGIBLE,#REV-0420,#REV-TAN-0563
cmsg598m901gn67qscyda3ny0,"N060234","TINTA EPSON 664 - NEGRA",TANGIBLE,#REV-0418,#REV-TAN-0564
cmsg5990c01u967qs895u4npp,"N081115","TINTA P/SELLOS",TANGIBLE,#REV-0626,#REV-TAN-0565
cmsg5990a01pl67qsey862umq,"N081030","TIRAFONDO",TANGIBLE,#REV-0559,#REV-TAN-0566
cmsg598m901hg67qsvvpr15pi,"N080888","TIRAFONDO N°10",TANGIBLE,#REV-0435,#REV-TAN-0567
cmsg598m901j967qsi99e52q3,"N080923","TOKEN ePASS2003",TANGIBLE,#REV-0464,#REV-TAN-0568
cmsg5990a01om67qsslekijbg,"N040524","TORNIQUETE DOBLE",TANGIBLE,#REV-0542,#REV-TAN-0569
cmsg5990a01ok67qsn7gxp8ik,"N040522","TORNIQUETE Nº 3",TANGIBLE,#REV-0540,#REV-TAN-0570
cmsg5990a01ol67qst793gykh,"N040523","TORNIQUETE Nº 7",TANGIBLE,#REV-0541,#REV-TAN-0571
cmsg598c5015967qssu6vjtbw,"N040155","TORNIQUETE Nº5 ZINCADO",TANGIBLE,#REV-0307,#REV-TAN-0572
cmsg5990c01xf67qsb7axdw95,"N081171","TOTEM DE EMERGENCIA",TANGIBLE,#REV-0680,#REV-TAN-0573
cmsg598c3011f67qsclq74osa,"TRABAJOS","TRABAJO DE REFACCION Y REACONDICIONAMIENTO",INTANGIBLE,#REV-0274,#REV-INT-0139
cmsg598m6017q67qsszfp9h7e,"TRACTOR 10.5%","TRACTOR",TANGIBLE,#REV-0330,#REV-TAN-0574
cmsg5983n00r267qs7q5mkqiu,"TRANSITO IP","TRANSITO IP",INTANGIBLE,#REV-0139,#REV-INT-0140
cmsg598m801ch67qsqe3p2fl2,"N010694","TRANSMISOR CATV TUOLIMA",TANGIBLE,#REV-0358,#REV-TAN-0575
cmsg597rq004w67qsffcuytl0,"I010076","TRANSMISOR OPTICO 1550 10db IMPORTADO",TANGIBLE,#REV-0008,#REV-TAN-0576
cmsg597rq004x67qsm9hps6h2,"N010076","TRANSMISOR OPTICO 1550 10db NACIONAL",TANGIBLE,#REV-0009,#REV-TAN-0577
cmsg5983m00nq67qsp9q83xln,"N040307","TRITUBO x mts. NACIONAL",TANGIBLE,#REV-0107,#REV-TAN-0578
cmsg5990a01p367qs25tvwtk4,"N081018","TUBO MULTICAPA",TANGIBLE,#REV-0547,#REV-TAN-0579
cmsg598m901il67qs5hphdncz,"N062242","TV 32""",TANGIBLE,#REV-0453,#REV-TAN-0580
cmsg5990901mo67qsuhnaszb4,"N080987","TV LED",TANGIBLE,#REV-0513,#REV-TAN-0581
cmsg598c4013h67qscc5ct1yj,"100070","Tablet Samsung Galaxy Modelo Tab10",TANGIBLE,#REV-0287,#REV-TAN-0582
cmsg598by00u067qs6tdvotfp,"Tasas","Tasa F.1924",INTANGIBLE,#REV-0181,#REV-INT-0141
cmsg5990901ks67qswunzemhe,"TISSH","Tasa por Inspección Seguridad Salubridad e Higiene",INTANGIBLE,#REV-0478,#REV-INT-0142
cmsg598by00u167qszyjklqbp,"Tas","Tasas Municipales (Legales)",INTANGIBLE,#REV-0182,#REV-INT-0143
cmsg597rt00bi67qsgzmjek9v,"DHI-VTA8311A","Totem de Emergencia",TANGIBLE,#REV-0028,#REV-TAN-0583
cmsg598by00tz67qsmu0s0r8o,"Transf","Transferencia Automotor",INTANGIBLE,#REV-0180,#REV-INT-0144
cmsg5990c01x867qsib1r9p4e,"N020052","UNIFI AP OUTDOOR",TANGIBLE,#REV-0678,#REV-TAN-0584
cmsg5990901mc67qs6rcld8l8,"N080980","UNION 1/2""",TANGIBLE,#REV-0508,#REV-TAN-0585
cmsg5990c01v467qschax9u5k,"N081134","UNION DOBLE",TANGIBLE,#REV-0638,#REV-TAN-0586
cmsg5990a01p567qspndbf1vf,"N081020","UNION T FUSION",TANGIBLE,#REV-0549,#REV-TAN-0587
cmsg598m901i467qsz6wnywnn,"N080897","UNION ¾""",TANGIBLE,#REV-0444,#REV-TAN-0588
cmsg598c3011367qsxo640207,"N030200","VARILLA PARA SOLDAR PLATA",TANGIBLE,#REV-0270,#REV-TAN-0589
cmsg5990c01wp67qs18nzpoj2,"N081164","VARILLA ROSCADA",TANGIBLE,#REV-0669,#REV-TAN-0590
cmsg598c000xf67qs37mfeilt,"VENTA 10.5","VENTA BIEN DE USO",INTANGIBLE,#REV-0229,#REV-INT-0145
cmsg5990b01sy67qszpsaxf30,"N081088","VENTILADOR DE PARED",TANGIBLE,#REV-0601,#REV-TAN-0591
cmsg5990b01qz67qspypcbr8k,"N081054","VENTILADOR DE PIE",TANGIBLE,#REV-0579,#REV-TAN-0592
cmsg598bz00uo67qssxti7beg,"N060119","VENTILADOR P/PARED 32""",TANGIBLE,#REV-0194,#REV-TAN-0593
cmsg598m801ea67qs4d5npsii,"N030325","VIDRIO OSCURO MASCARA SOLDAR",TANGIBLE,#REV-0384,#REV-TAN-0594
cmsg598m801eb67qsro2ml5ai,"N030326","VIDRIO TRANSPARENTE MASCARA SOLDAR",TANGIBLE,#REV-0385,#REV-TAN-0595
cmsg598bz00va67qsekvae13i,"090304","VINCHA AURICULAR",TANGIBLE,#REV-0201,#REV-TAN-0596
cmsg598m6017z67qsui2rsm1y,"VIRTUALIZACION","VIRTUALIZACION",INTANGIBLE,#REV-0332,#REV-INT-0146
cmsg5983n00r367qsyaawol8e,"VPN","VPN/ L2L",INTANGIBLE,#REV-0140,#REV-INT-0147
cmsg598c000x367qs33f4rtmz,"VENTABSUSO","Venta Bienes de Uso",INTANGIBLE,#REV-0227,#REV-INT-0148
cmsg597rq004u67qsrryomiac,"I010075","WDM MULTIPLEX OPTICO 1310/1490 IMPORTADO",TANGIBLE,#REV-0006,#REV-TAN-0597
cmsg597rq004v67qsexwqaw8o,"N010075","WDM MULTIPLEX OPTICO 1310/1490 NACIONAL",TANGIBLE,#REV-0007,#REV-TAN-0598
cmsg598m901hc67qsq6l408qh,"N080885","YESO",TANGIBLE,#REV-0433,#REV-TAN-0599
cmsg5983j00fx67qsan3eq4un,"N030089","ZAPATA MOVIL P/ESC. EXTEN. NACIONAL",TANGIBLE,#REV-0047,#REV-TAN-0600
cmsg5983j00fb67qs03uyzhk6,"N030037","ZUNCHADORA NACIONAL",TANGIBLE,#REV-0044,#REV-TAN-0601
cmsg598m801cy67qsolaf8n28,"asesoramiento","cargo por asesoramiento tecnico",INTANGIBLE,#REV-0367,#REV-INT-0149
cmsg5995k01z467qs6u6vhjyr,"expensas JC","expensas JC",INTANGIBLE,#REV-0698,#REV-INT-0150
cmsg598m6017767qs3niis3lm,"N090106","maquina de contar",TANGIBLE,#REV-0325,#REV-TAN-0602
cmsg598c4013l67qsjgi8xld1,"MERCREC","mercaderia a recibir",INTANGIBLE,#REV-0288,#REV-INT-0151
cmsg598c4013m67qscvds8h1l,"MERCREC10.5","mercaderia a recibir 10.5",INTANGIBLE,#REV-0289,#REV-INT-0152
cmsg598c6016567qsb0cwxpwy,"N020400","mesa en L con cajones 150 x 150",TANGIBLE,#REV-0314,#REV-TAN-0603
cmsg5983n00rc67qsfhhhnl3e,"030067","peladora de vaina acs/acs-2 de 5,32""-25,64""",TANGIBLE,#REV-0145,#REV-TAN-0604