"codigo","cat","nombre","stock","uni","estado"
"N080095","#REV-TAN","EXT. CABLE MCNU-GXF4-GXM4-6 NACIONAL","5546","UNI","ACTIVO"
"N040139","#REV-TAN","TAPON SEGURIDAD 75 OHM NACIONAL","5086","UNI","ACTIVO"
"N040311","#REV-TAN","BITUBO x Mts NACIONAL","4250","UNI","ACTIVO"
"N040305","#REV-TAN","MONOTUBO x Mts. NACIONAL","3064","UNI","ACTIVO"
"N020518","#REV-TAN","JUNUO TV STICK","2174","UNI","ACTIVO"
"N080093","#REV-TAN","BOTON ANTIPANICO RC978 NACIONAL","1161","UNI","ACTIVO"
"N080094","#REV-TAN","MICROF. M869 NACIONAL","1152","UNI","ACTIVO"
"N080088","#REV-TAN","CABLE MC-PF3-B3-4 NACIONAL","1114","UNI","ACTIVO"
"N080087","#REV-TAN","GRAB. DHI-DAE-MXVR4104/4204-GFWI NACIONAL","1086","UNI","ACTIVO"
"N080096","#REV-TAN","EXT. CABLE MCNU-GXF4-GMX4-18 NACIONAL","1076","UNI","ACTIVO"
"RCA","#REV-TAN","CABLE RCA A PLUGIN DE 3,5","838","UNI","ACTIVO"
"N020199","#REV-TAN","FILTRO PASA ALTOS - HPF-54 NACIONAL","816","UNI","ACTIVO"
"n020044","#REV-TAN","MINI CUPLER 12DB NACIONAL","734","UNI","ACTIVO"
"N010287","#REV-TAN","SLOT BOX VACIO 1:8 NACIONAL","666","UNI","ACTIVO"
"I010287","#REV-TAN","SLOT BOX VACIO 1:8 IMPORTADO","494","UNI","ACTIVO"
"N020458","#REV-TAN","CABLE HDMI ","488","UNI","ACTIVO"
"N081139","#REV-TAN","CAPACITOR","426","UNI","ACTIVO"
"N020212","#REV-TAN","CABLE TPR 2x1,5 NACIONAL","409","UNI","ACTIVO"
"N040062","#REV-TAN","CABLE .500 CON PORTANTE NACIONAL","371","UNI","ACTIVO"
"N080846","#REV-TAN","FOLIO A4","309","UNI","ACTIVO"
"N040147","#REV-TAN","ADAPTADORES SC/PC NACIONAL","264","UNI","ACTIVO"
"N040524","#REV-TAN","TORNIQUETE DOBLE","260","UNI","ACTIVO"
"N0450423","#REV-TAN","AISLADOR ","257","UNI","ACTIVO"
"N080845","#REV-TAN","FOLIO OFICIO","250","UNI","ACTIVO"
"N080847","#REV-TAN","SOBRE OFICIO INGLES","200","UNI","ACTIVO"
"N020546","#REV-TAN","CABLE TPR 2x 1mm NACIONAL","197","UNI","ACTIVO"
"N081073","#REV-TAN","BARBIJO DESCARTABLES","189","UNI","ACTIVO"
"N040302","#REV-TAN","PRENSACABLE 3/16 METAL NACIONAL","180","UNI","ACTIVO"
"N040523","#REV-TAN","TORNIQUETE NÂº 7","174","UNI","ACTIVO"
"N081058","#REV-TAN","CIRCUITO INTEGRADO","168","UNI","ACTIVO"
"N050107","#REV-TAN","LAPICERAS","156","UNI","ACTIVO"
"N081105","#REV-TAN","CARPETA","144","UNI","ACTIVO"
"N081095","#REV-TAN","BROCHES","141","UNI","ACTIVO"
"N040186","#REV-TAN","NODO OPTICO 4 SALIDA - 862Mhz NACIONAL","136","UNI","ACTIVO"
"N080888","#REV-TAN","TIRAFONDO NÂ°10","123","UNI","ACTIVO"
"N020043","#REV-TAN","MINI CUPLER 9DB NACIONAL","122","UNI","ACTIVO"
"N081102","#REV-TAN","SOBRE","117","UNI","ACTIVO"
"N020525","#REV-TAN","FILTRO PASABANDA LTE DE UHF","113","UNI","ACTIVO"
"N020183","#REV-TAN","CABLE INTERLOCK P/C.M. DPQ3925 NACIONAL","112","UNI","ACTIVO"
"N080988","#REV-TAN","RESMAS","111","UNI","ACTIVO"
"N020522","#REV-TAN","MASTIL DE 2 MTS","110","UNI","ACTIVO"
"RCA1","#REV-TAN","CABLE RCA A RCA","104","UNI","ACTIVO"
"N020306","#REV-TAN","PITON NÂº6 NACIONAL","104","UNI","ACTIVO"
"N080841","#REV-TAN","MARCADOR RESALTADOR","102","UNI","ACTIVO"
"N081154","#REV-TAN","CABLE TPR 3x1,5mm","100","UNI","ACTIVO"
"N081111","#REV-TAN","BROCHE NEPACO","100","UNI","ACTIVO"
"N080086","#REV-TAN","BODYCAM  DH-MPT220 NACIONAL","95","UNI","ACTIVO"
"040044","#REV-TAN","Ecualizador de Linea 9db","88","UNI","ACTIVO"
"N081096","#REV-TAN","ARTICULO C/DESCRIPCION EN PARTIDA","82","UNI","ACTIVO"
"N040034","#REV-TAN","INSERTOR DE POTENCIA 60/90V - NACIONAL","76","UNI","ACTIVO"
"N081214","#REV-TAN","CABLE TPR","75,5","UNI","ACTIVO"
"N040207","#REV-TAN","AISLADOR MN-20 (202032) NACIONAL","75","UNI","ACTIVO"
"N040330","#REV-TAN","ECUALIZADOR DE LINEA 09DB NACIONAL","73","UNI","ACTIVO"
"N040522","#REV-TAN","TORNIQUETE NÂº 3","73","UNI","ACTIVO"
"N040148","#REV-TAN","TAPON CARGA 75 OHM - NACIONAL","68","UNI","ACTIVO"
"N062262","#REV-TAN","PEN DRIVE 16 GB","66","UNI","ACTIVO"
"N080958","#REV-TAN","TERMINAL PALA P/CABLE","65","UNI","ACTIVO"
"N030039","#REV-TAN","PASTECA SIMPLE NACIONAL","63","UNI","ACTIVO"
"N060003","#REV-TAN","CABLE INTERLOCK NEGRO NACIONAL","60","UNI","ACTIVO"
"N081236","#REV-TAN","FUSIBLE","60","UNI","ACTIVO"
"N040325","#REV-TAN","ECUALIZADOR DE LINEA 11DB NACIONAL","59","UNI","ACTIVO"
"N080842","#REV-TAN","MARCADOR AL AGUA","53","UNI","ACTIVO"
"N081115","#REV-TAN","TINTA P/SELLOS","52","UNI","ACTIVO"
"N081109","#REV-TAN","CARBONICO","52","UNI","ACTIVO"
"N081092","#REV-TAN","CLIP","51","UNI","ACTIVO"
"N010246","#REV-TAN","CABLE DE SERVICIO x15mts NACIONAL","50","UNI","ACTIVO"
"N080957","#REV-TAN","BOTIN DE SEGURIDAD (PAR)","48","UNI","ACTIVO"
"N020521","#REV-TAN","MICRONODO OPTICO PR7332C","46","UNI","ACTIVO"
"N081055","#REV-TAN","CABLE VGA","44","UNI","ACTIVO"
"N030102","#REV-TAN","MARCADOR AL ACEITE PUNTA REDONDA COLOR BLANCO","41","UNI","ACTIVO"
"N080859","#REV-TAN","CAJA ARCHIVO OFICIO/LEGAL","40","UNI","ACTIVO"
"N040253","#REV-TAN","GRILLETE-GUARDACABO NACIONAL","40","UNI","ACTIVO"
"N081140","#REV-TAN","DIODO","40","UNI","ACTIVO"
"N010433","#REV-TAN","MODULO DE MONITOREO TA8604JL-R","40","UNI","ACTIVO"
"N040548","#REV-TAN","MODULO CON DESCRIPCIÃ“N EN PARTIDA","36","UNI","ACTIVO"
"N040213","#REV-TAN","LAMPARA LED P/CALLE NACIONAL","35","UNI","ACTIVO"
"N030101","#REV-TAN","MARCADOR AL ACEITE PUNTA REDONDA COLOR NEGRO","34","UNI","ACTIVO"
"N081030","#REV-TAN","TIRAFONDO","33,04","UNI","ACTIVO"
"N080848","#REV-TAN","LAPIZ NEGRO","33","UNI","ACTIVO"
"N030335","#REV-TAN","CONVERTIDOR DE OXIDO","31","UNI","ACTIVO"
"N080840","#REV-TAN","CUADERNO CHICO","31","UNI","ACTIVO"
"N020554","#REV-TAN","AISLANTE P/CAÃ‘O DE COBRE","30,5","UNI","ACTIVO"
"N020529","#REV-TAN","MASTIL DE 3 MTS","30","UNI","ACTIVO"
"N080959","#REV-TAN","TERMINAL OJAL P/CABLE","30","UNI","ACTIVO"
"N081132","#REV-TAN","CAÃ‘O","30","UNI","ACTIVO"
"N081101","#REV-TAN","MEDIA SOMBRA","30","UNI","ACTIVO"
"N020552","#REV-TAN","MANGUERA","28,5","UNI","ACTIVO"
"N080985","#REV-TAN","BIBLIORATO","28","UNI","ACTIVO"
"N081046","#REV-TAN","PINTURA","27,6","UNI","ACTIVO"
"N081071","#REV-TAN","ELEMENTO DE AMARRE CODIGO 1015","27","UNI","ACTIVO"
"N081090","#REV-TAN","TERMINAL OJAL GRANDE P/CABLE","26","UNI","ACTIVO"
"N020470","#REV-TAN","ADAPT. ENCHUFE MIX A REDONDO","25","UNI","ACTIVO"
"N080839","#REV-TAN","CUADERNO GRANDE","25","UNI","ACTIVO"
"N080101","#REV-TAN","ELECTRODO 2,5mm P/SOLDAR - PUNTA AZUL","25","UNI","ACTIVO"
"N080922","#REV-TAN","MANGUERA  Â½""","25","UNI","ACTIVO"
"N040187","#REV-TAN","AMPLIFIC. DE LINEA 550 C/RETOR","23","UNI","ACTIVO"
"N080984","#REV-TAN","RECIBOS USARES 1825 CARBONICO QUIMICO","22","UNI","ACTIVO"
"N020501","#REV-TAN","DECODER IDS","22","UNI","ACTIVO"
"FUENTES","#REV-TAN","FUENTES DOCSIS","22","UNI","ACTIVO"
"N080843","#REV-TAN","MARCADOR INDELEBLE","22","UNI","ACTIVO"
"090301","#REV-TAN","EQUIPOS CELULARES","21","UNI","ACTIVO"
"N081141","#REV-TAN","MOSFET IRF840","20","UNI","ACTIVO"
"N080850","#REV-TAN","BROCHES 10/50","20","UNI","ACTIVO"
"N081235","#REV-TAN","BORNERA","20","UNI","ACTIVO"
"N080965","#REV-TAN","MATAFUEGOS","19","UNI","ACTIVO"
"N010718","#REV-TAN","CABLE DE SERVICIO x8mts NACIONAL","19","UNI","ACTIVO"
"N081126","#REV-TAN","ROLLO PAPEL P/FAX","18","UNI","ACTIVO"
"N010365","#REV-TAN","NVR2204-P-I NACIONAL","18","UNI","ACTIVO"
"N081196","#REV-TAN","JABALINA PUESTA TIERRA","17","UNI","ACTIVO"
"090006","#REV-TAN","Parlante p/PC","17","UNI","ACTIVO"
"N040241","#REV-TAN","AMPLIFIC. DE LINEA VA-860 NACIONAL","16","UNI","ACTIVO"
"030177","#REV-TAN","GAS BUTANO REPUESTO P/SOPLETE","16","UNI","ACTIVO"
"090313","#REV-TAN","ALICATE DE CORTE OBLICUO 6""","16","UNI","ACTIVO"
"N081220","#REV-TAN","KEROSENE","15","UNI","ACTIVO"
"090310","#REV-TAN","ALICATE DE CORTE OBLICUO","15","UNI","ACTIVO"
"N020182","#REV-TAN","ADAPT. ENCHUFE MIX A OBLICUO NACIONAL","15","UNI","ACTIVO"
"030145","#REV-TAN","CONO SEGURIDAD VIAL","15","UNI","ACTIVO"
"N080975","#REV-TAN","FUSIBLE 10 Amp.","15","UNI","ACTIVO"
"N040521","#REV-TAN","ECUALIZADOR DE LINEA 20DB NACIONAL","15","UNI","ACTIVO"
"N060222","#REV-TAN","COOLER P/PC","15","UNI","ACTIVO"
"N040155","#REV-TAN","TORNIQUETE NÂº5 ZINCADO","15","UNI","ACTIVO"
"N010075","#REV-TAN","WDM MULTIPLEX OPTICO 1310/1490 NACIONAL","14","UNI","ACTIVO"
"N080940","#REV-TAN","FILM STRETCH SIN CONO","14","UNI","ACTIVO"
"N020504","#REV-TAN","DECODER INTEK HD CABLE C/ AV HDM ","14","UNI","ACTIVO"
"N080844","#REV-TAN","MARCADOR PARA PIZZARRA","14","UNI","ACTIVO"
"N020409","#REV-TAN","FILTRO PASA ALTOS PCT-HPFA-102","14","UNI","ACTIVO"
"N081093","#REV-TAN","ALAMBRE 12","13,015","UNI","ACTIVO"
"N030182","#REV-TAN","MORDAZA TIPO PEINE UNIVERSAL","13","UNI","ACTIVO"
"N080108","#REV-TAN","GAFAS OSCURAS DE SEGURIDAD","13","UNI","ACTIVO"
"N081066","#REV-TAN","ELEMENTO DE AMARRE ANTICAIDA 3008/2","13","UNI","ACTIVO"
"N081104","#REV-TAN","MINA LAPIZ","13","UNI","ACTIVO"
"N030204","#REV-TAN","REPUESTO FILO CUTTER 18mm","13","UNI","ACTIVO"
"090201","#REV-TAN","Sillas","13","UNI","ACTIVO"
"N081184","#REV-TAN","CUTER TRINCHETA","13","UNI","ACTIVO"
"030148","#REV-TAN","CUTTER TRAPEZOIDAL 19mm","12","UNI","ACTIVO"
"N081074","#REV-TAN","AEROSOL PINTURA AZUL 440 CM.TERSUAVEÂ ","12","UNI","ACTIVO"
"N090108","#REV-TAN","Sillas de oficina","12","UNI","ACTIVO"
"N010501","#REV-TAN","DSLAN","12","UNI","ACTIVO"
"090306","#REV-TAN","SILLA DE ESCRITORIO ROYAL DESIGN","11","UNI","ACTIVO"
"N081178","#REV-TAN","NEUMATICO - CUBIERTAS","11","UNI","ACTIVO"
"N080961","#REV-TAN","PALLET ARLOG","11","UNI","ACTIVO"
"N080809","#REV-TAN","CORRECTOR LIQUIDO","11","UNI","ACTIVO"
"N060092","#REV-TAN","LCD DHI-LS460UCM-EF -46"" NACIONAL","10","UNI","ACTIVO"
"N030325","#REV-TAN","VIDRIO OSCURO MASCARA SOLDAR","10","UNI","ACTIVO"
"I080096","#REV-TAN","EXT. CABLE MCNU-GXF4-GMX4-18","10","UNI","ACTIVO"
"N060223","#REV-TAN","TELEFONO FIJO","10","UNI","ACTIVO"
"N080976","#REV-TAN","PORTA FUSIBLE","10","UNI","ACTIVO"
"N080828","#REV-TAN","ESTOPA","10","UNI","ACTIVO"
"N030181","#REV-TAN","REPUESTO FILO CUTTER TRAPEZOIDAL X 10 UN.","9,5","UNI","ACTIVO"
"N081065","#REV-TAN","ELEMENTO DE AMARRE ANTICAIDA 3001/2","9","UNI","ACTIVO"
"N081064","#REV-TAN","ELEMENTO DE AMARRE 1004","9","UNI","ACTIVO"
"N010076","#REV-TAN","TRANSMISOR OPTICO 1550 10db NACIONAL","9","UNI","ACTIVO"
"N081072","#REV-TAN","BOTIQUIN","8","UNI","ACTIVO"
"N060221","#REV-TAN","PLACAS PC","8","UNI","ACTIVO"
"N010689","#REV-TAN","CABLE HDMI x5mts","8","UNI","ACTIVO"
"N080880","#REV-TAN","FICHA MACHO","8","UNI","ACTIVO"
"N040326","#REV-TAN","BORNE P/JABALINA 3/4 NACIONAL","8","UNI","ACTIVO"
"N081114","#REV-TAN","PEGAMENTO EN BARRA","8","UNI","ACTIVO"
"N062271","#REV-TAN","TINTA EPSON 544","8","UNI","ACTIVO"
"N081056","#REV-TAN","LAMPARA LED ","8","UNI","ACTIVO"
"030147","#REV-TAN","DISPENSADOR DE ACOHOL ISIPROP.","8","UNI","ACTIVO"
"N060103","#REV-TAN","CONTROL ACCE. DHI-ASI3213G-MW NACIONAL","8","UNI","ACTIVO"
"N081162","#REV-TAN","CEPILLO","7","UNI","ACTIVO"
"N081204","#REV-TAN","LIJA","7","UNI","ACTIVO"
"030184","#REV-TAN","BUSCAPOLO SIN CONTACTO - VIRU-VIRU ","7","UNI","ACTIVO"
"N030326","#REV-TAN","VIDRIO TRANSPARENTE MASCARA SOLDAR","7","UNI","ACTIVO"
"N010736","#REV-TAN","GUIA DE ONDA ","7","UNI","ACTIVO"
"N060226","#REV-TAN","DISCOS RIGIDOS P/PC","6","UNI","ACTIVO"
"N081223","#REV-TAN","CAJA ESTANCO","6","UNI","ACTIVO"
"N080913","#REV-TAN","LS-E-L BARRA P/VIDEWALL","6","UNI","ACTIVO"
"N060234","#REV-TAN","TINTA EPSON 664 - NEGRA","6","UNI","ACTIVO"
"N060125","#REV-TAN","CABLE USB A MINI USB x2mts NACIONAL","6","UNI","ACTIVO"
"N081191","#REV-TAN","FUNDA CAPUCHON P/MICROFONO","6","UNI","ACTIVO"
"N060082","#REV-TAN","DH-W-HDMI x 15 mts NACIONAL","6","UNI","ACTIVO"
"N020530","#REV-TAN","BOOSTER UHF 4G REG 19-34DB 12-24VDC","6","UNI","ACTIVO"
"N080977","#REV-TAN","ESTAÃ‘O","6","UNI","ACTIVO"
"N040527","#REV-TAN","BARRA DE ANCLAJE","6","UNI","ACTIVO"
"N080849","#REV-TAN","GOMILLAS","5,55","UNI","ACTIVO"
"I060125","#REV-TAN","CABLE USB A MINI USB x2mts IMPORTADO","5","UNI","ACTIVO"
"N081217","#REV-TAN","PEGAMENTO","5","UNI","ACTIVO"
"N081107","#REV-TAN","REGLA","5","UNI","ACTIVO"
"N062269","#REV-TAN","CABLE USB A a USB B","5","UNI","ACTIVO"
"N030341","#REV-TAN","TINER / THINNER","5","UNI","ACTIVO"
"N030306","#REV-TAN","MACHETE TIPO CIRIRI-20""","5","UNI","ACTIVO"
"N040546","#REV-TAN","MÃ“DULO SUBTRONCAL MAGNAVOX PHILIPS","5","UNI","ACTIVO"
"N080808","#REV-TAN","POST IT","5","UNI","ACTIVO"
"I010076","#REV-TAN","TRANSMISOR OPTICO 1550 10db IMPORTADO","5","UNI","ACTIVO"
"N081193","#REV-TAN","GRUPO ELECTROGENO ","5","UNI","ACTIVO"
"N080104","#REV-TAN","RELOJ BIOMETRICO ANVIZ","5","UNI","ACTIVO"
"N080867","#REV-TAN","PINTURA SINTETICA VERDE JHON DHEERE","4","UNI","ACTIVO"
"N040205","#REV-TAN","ANCLA DOBLE HELICE GALVANIZADA NACIONAL","4","UNI","ACTIVO"
"N081170","#REV-TAN","CONTACFLUX - FLUX","4","UNI","ACTIVO"
"N010168","#REV-TAN","DEMODULADOR TECSYS TS 5605 A - NACIONAL","4","UNI","ACTIVO"
"N010368","#REV-TAN","NVR2208-8P-I NACIONAL","4","UNI","ACTIVO"
"020058","#REV-TAN","NANO BEAM M5- 16DB NACIONAL","4","UNI","ACTIVO"
"N062256","#REV-TAN","DRUM ALT","4","UNI","ACTIVO"
"090304","#REV-TAN","VINCHA AURICULAR","4","UNI","ACTIVO"
"N090101","#REV-TAN","ESCRITORIO 1,4-1,5 MTS","4","UNI","ACTIVO"
"N030099","#REV-TAN","LETROGRAFO PLASTICO X 30 MM","4","UNI","ACTIVO"
"N080107","#REV-TAN","BANDERA DE PELIGRO","4","UNI","ACTIVO"
"N081182","#REV-TAN","GOMA P/BORRAR","4","UNI","ACTIVO"
"N030141","#REV-TAN","PORTA BOBINA CHICO","4","UNI","ACTIVO"
"N030188","#REV-TAN","PUNTA PARA SOPLETE AEROSOL","4","UNI","ACTIVO"
"N080882","#REV-TAN","CAÃ‘O ESTRUC. 15x15x1,6","4","UNI","ACTIVO"
"N080831","#REV-TAN","ESTUFA/ CALOVENTOR","3","UNI","ACTIVO"
"N081190","#REV-TAN","INTERFAZ AUDIO AI-MICRO 2 CANALES 3,5mm","3","UNI","ACTIVO"
"N010104","#REV-TAN","CABLE DE SERVICIO x15mts NACIONAL","3","UNI","ACTIVO"
"N040525","#REV-TAN","AMPLIFIC. DE LINEA 750","3","UNI","ACTIVO"
"N030408","#REV-TAN","MALACATE","3","UNI","ACTIVO"
"N030200","#REV-TAN","VARILLA PARA SOLDAR PLATA","3","UNI","ACTIVO"
"N040504","#REV-TAN","EQUIPO DE TRAMA TELEFONICA ","3","UNI","ACTIVO"
"N060237","#REV-TAN","TINTA EPSON 664 - AMARILLO","3","UNI","ACTIVO"
"N030095","#REV-TAN","Antiparras FRAVIDA NACIONAL","3","UNI","ACTIVO"
"N062267","#REV-TAN","CABLE ALARGUE USB MACHO/HEMBRA","3","UNI","ACTIVO"
" N080928","#REV-TAN","REMACHE POP","3","UNI","ACTIVO"
"N030203","#REV-TAN","CUTTER COMUN 18mm","3","UNI","ACTIVO"
"N050105","#REV-TAN","ABROCHADORA","3","UNI","ACTIVO"
"N060235","#REV-TAN","TINTA EPSON 664 - CIAN","3","UNI","ACTIVO"
"N080951","#REV-TAN","MOLDURA MADERA x3mts","3","UNI","ACTIVO"
"N080998","#REV-TAN","BARNIZ","2,5","UNI","ACTIVO"
"N081036","#REV-TAN","CABLE TPR 3x2,5mm","2,5","UNI","ACTIVO"
"N080863","#REV-TAN","PLANCHUELA 1/2 X 3/16","2","UNI","ACTIVO"
"N030097","#REV-TAN","MOTOSIERRA PROFESIONAL NACIONAL","2","UNI","ACTIVO"
"N010394","#REV-TAN","NVR5432-16P-I/L NACIONAL","2","UNI","ACTIVO"
"N060102","#REV-TAN","CONTROL ACCE. DHI-ASI7213Y-V3 NACIONAL","2","UNI","ACTIVO"
"N060083","#REV-TAN","IR-3.5MM-3M CABLE RECP.INFRARO NACIONAL","2","UNI","ACTIVO"
"N080964","#REV-TAN","BORRADOR PIZZARRA VIDRIO","2","UNI","ACTIVO"
"N020052","#REV-TAN","UNIFI AP OUTDOOR","2","UNI","ACTIVO"
"N081138","#REV-TAN","SELLADOR","2","UNI","ACTIVO"
"N030196","#REV-TAN","GARRAFA P/SOLDADURA REFRIG. 400 G","2","UNI","ACTIVO"
"N010369","#REV-TAN","NVR5216-16P-I/L NACIONAL","2","UNI","ACTIVO"
"N030397","#REV-TAN","KIT DE LIMPIEZA P/CELULARES","2","UNI","ACTIVO"
"N080868","#REV-TAN","DELANTAL CUERO DESCARNE","2","UNI","ACTIVO"
"N060236","#REV-TAN","TINTA EPSON 664 - MAGENTA","2","UNI","ACTIVO"
"N030037","#REV-TAN","ZUNCHADORA NACIONAL","2","UNI","ACTIVO"
"N010795","#REV-TAN","MULTIPLEXOR NDS3107C","2","UNI","ACTIVO"
"N030063","#REV-TAN","PELADORA .500 NACIONAL","2","UNI","ACTIVO"
"N081054","#REV-TAN","VENTILADOR DE PIE","2","UNI","ACTIVO"
"N080987","#REV-TAN","TV LED","2","UNI","ACTIVO"
"N030369","#REV-TAN","ESPATULA","2","UNI","ACTIVO"
"N080960","#REV-TAN","FICHA HEMBRA","2","UNI","ACTIVO"
"N030167","#REV-TAN","DEVANADORA","2","UNI","ACTIVO"
"N081145","#REV-TAN","MICROFONO P/PODCASTS","2","UNI","ACTIVO"
"N030312","#REV-TAN","MESA PLEGABLE PARA FUSIONAR","2","UNI","ACTIVO"
"N080912","#REV-TAN","LCD DHL-FJ ACCESORIOS LCD VIDEOWALL","2","UNI","ACTIVO"
"N010393","#REV-TAN","NVR5464-4KS2 NACIONAL","2","UNI","ACTIVO"
"N030168","#REV-TAN","JUEGO DE LLAVER TORX","2","UNI","ACTIVO"
"N010688","#REV-TAN","MINI NODO OPTICO CON RETORNO","2","UNI","ACTIVO"
"N060220","#REV-TAN","REFLECTORES 30W","2","UNI","ACTIVO"
"N080881","#REV-TAN","CAÃ‘O ESTRUC. 100x20x1,6","2","UNI","ACTIVO"
"030067","#REV-TAN","peladora de vaina acs/acs-2 de 5,32""-25,64""","2","UNI","ACTIVO"
"N030199","#REV-TAN","PUNZON EXPANSOR","2","UNI","ACTIVO"
"N080810","#REV-TAN","PERFORADOR MEDIANO","2","UNI","ACTIVO"
"N080886","#REV-TAN","LIJA A AGUA 120 GR","2","UNI","ACTIVO"
"N081130","#REV-TAN","PLAFON P/LISTON LED","2","UNI","ACTIVO"
"N080050","#REV-TAN","CAJA SEGURIDAD P/EMPOTRAR NACIONAL","2","UNI","ACTIVO"
"N030412","#REV-TAN","KIT DE PINZAS","2","UNI","ACTIVO"
"N081169","#REV-TAN","AURICULAR","2","UNI","ACTIVO"
"N081057","#REV-TAN","MEMBRANA IMPERMEABLE ","2","UNI","ACTIVO"
"N060079","#REV-TAN","LCD DHI-LS490UCM-EF 49"" NACIONAL","2","UNI","ACTIVO"
"N030195","#REV-TAN","BOMBA VACIO 70 LTS/M","2","UNI","ACTIVO"
"N062263","#REV-TAN","MICRO PROCESADOR INTEL CORE I7 ","2","UNI","ACTIVO"
"N040526","#REV-TAN","NODO OPTICO 4 SALIDA - 60V/AC (MUESTRA)","2","UNI","ACTIVO"
"N090100","#REV-TAN","ESCRITORIO 1 MTS","2","UNI","ACTIVO"
"N062247","#REV-TAN","PLACA DE RED PCI","2","UNI","ACTIVO"
"030137","#REV-TAN","ROTOMARTILLO ","2","UNI","ACTIVO"
"N030411","#REV-TAN","KIT DESTORNILLADORES","2","UNI","ACTIVO"
"N080903","#REV-TAN","HORNO MICROONDAS","2","UNI","ACTIVO"
"N030198","#REV-TAN","MANOMETRO/MANIFOLD CUERPO DE BRONCE","2","UNI","ACTIVO"
"N040225","#REV-TAN","AP CNPILOT E502S-11AC-30Âº","2","UNI","ACTIVO"
"N081203","#REV-TAN","HIDROLAVADORA","1","UNI","ACTIVO"
"N010340","#REV-TAN","NVD1805DH-4I-4K NACIONAL","1","UNI","ACTIVO"
"N060069","#REV-TAN","PC EXO READY C2-V5448-i5 NACIONAL","1","UNI","ACTIVO"
"N010429","#REV-TAN","MINI MODE DFB MN 870 MHZ 2 MW","1","UNI","ACTIVO"
"N020400","#REV-TAN","mesa en L con cajones 150 x 150","1","UNI","ACTIVO"
"N060201","#REV-TAN","PLACA DE CONTESTADOR TELEFONICO","1","UNI","ACTIVO"
"PASACABLESP","#REV-TAN","PASACABLE PLASTICO","1","UNI","ACTIVO"
"N010502","#REV-TAN","ARRIS DSR 4450","1","UNI","ACTIVO"
"N081075","#REV-TAN","AEROSOL PINTURA BLANCA 440 CM.TERSUAVE","1","UNI","ACTIVO"
"N060115","#REV-TAN","CABLE CONSOLA/USB","1","UNI","ACTIVO"
"N060238","#REV-TAN","HUB USB x4 PUERTOS","1","UNI","ACTIVO"
"N010725","#REV-TAN","DCN WL8200-X10 INDOOR AP","1","UNI","ACTIVO"
"N040549","#REV-TAN","NODO CON DESCRIPCION EN PARTIDA","1","UNI","ACTIVO"
"N090102","#REV-TAN","GRUPO ELETROGENO 15 KVA","1","UNI","ACTIVO"
"N060067","#REV-TAN","PLACA HDMI P/PC - 4 SALIDAS NACIONAL","1","UNI","ACTIVO"
"N030372","#REV-TAN","DESMALEZADORA","1","UNI","ACTIVO"
"N081047","#REV-TAN","KIT AUXILIO P/AUTOMOVIL","1","UNI","ACTIVO"
"N010421","#REV-TAN","FIREWALL DCFW 1800E N6008 - DCN","1","UNI","ACTIVO"
"N080963","#REV-TAN","TIJERA","1","UNI","ACTIVO"
"N060073","#REV-TAN","CONTROL ACCESO DHIASA4214F NACIONAL","1","UNI","ACTIVO"
"N080901","#REV-TAN","CANDADO GRANDE","1","UNI","ACTIVO"
"N030331","#REV-TAN","PINCEL CHICO","1","UNI","ACTIVO"
"N020461","#REV-TAN","CABLE HDMI x 10 mts","1","UNI","ACTIVO"
"N080823","#REV-TAN","BRAZO HIDRAULICO P/PUERTA","1","UNI","ACTIVO"
"N081125","#REV-TAN","MALLA DESOLDANTE","1","UNI","ACTIVO"
"N020049","#REV-TAN","CABLE DE SERVICIO x10mts NACIONAL","1","UNI","ACTIVO"
"N080983","#REV-TAN","SELLAROSCA","1","UNI","ACTIVO"
"N020439","#REV-TAN","CABLE PUGIN A PUGIN","1","UNI","ACTIVO"
"N081163","#REV-TAN","FILM STRETCH 10cm","1","UNI","ACTIVO"
"N080920","#REV-TAN","PFM374-L45 CAJA P/BATERIAL SOLAR","1","UNI","ACTIVO"
"N080918","#REV-TAN","MPT320 TERMINAL MOVIL ","1","UNI","ACTIVO"
"N080919","#REV-TAN","NVR5216-8P-I/L","1","UNI","ACTIVO"
"N081160","#REV-TAN","GRASA DISIPADORA DE CALOR","1","UNI","ACTIVO"
"N062242","#REV-TAN","TV 32""","1","UNI","ACTIVO"
"N030407","#REV-TAN","MANGO CRIQUE","1","UNI","ACTIVO"
"N010513","#REV-TAN","IRD EXO","1","UNI","ACTIVO"
"N080917","#REV-TAN","MP06 INTERCOMUNICADOR 2 VIAS","1","UNI","ACTIVO"
"N040333","#REV-TAN","TERMINAL TELEF. EMERGENCIA NACIONAL","1","UNI","ACTIVO"
"N062264","#REV-TAN","PLACA MADRE","1","UNI","ACTIVO"
"N020179","#REV-TAN","IP-TV BOX (muestra) NACIONAL","1","UNI","ACTIVO"
"N010682","#REV-TAN","DVD NOBLEX DVH1700","1","UNI","ACTIVO"
"N062268","#REV-TAN","PLACA DE VIDEO","1","UNI","ACTIVO"
"N081211","#REV-TAN","TANZA","1","UNI","ACTIVO"
"N080100","#REV-TAN","PLAQUETA UNIVERSAL QD-U08PGC+ para A/A.","1","UNI","ACTIVO"
"N0450415","#REV-TAN","CARCASA DE NODO CON DESCRIPCION EN PARTIDA","1","UNI","ACTIVO"
"N081183","#REV-TAN","SACAPUNTAS","1","UNI","ACTIVO"
"N081171","#REV-TAN","TOTEM DE EMERGENCIA","1","UNI","ACTIVO"
"N081165","#REV-TAN","CONTADORA DE BILLETES","1","UNI","ACTIVO"
"N081219","#REV-TAN","FUNDA BOLSO DE PROTECCION","1","UNI","ACTIVO"
"N080980","#REV-TAN","UNION 1/2""","1","UNI","ACTIVO"
"N080909","#REV-TAN","DHM-MAE-D200 BASE ACOPLAMIENTO","1","UNI","ACTIVO"
"N010775","#REV-TAN","REPRODUCTO DVD - USB","1","UNI","ACTIVO"
"N010510","#REV-TAN","CHASIS MA5603 P/ADSL CON 5 PLACAS ","1","UNI","ACTIVO"
"N090103","#REV-TAN","ESCRITORIO EN L 120 x 120","1","UNI","ACTIVO"
"N030170","#REV-TAN","LIMA DE METAL ","1","UNI","ACTIVO"
"N030089","#REV-TAN","ZAPATA MOVIL P/ESC. EXTEN. NACIONAL","1","UNI","ACTIVO"
"N080097","#REV-TAN","PULSADOR PUERTA SALDIDA T60B - NACIONAL","1","UNI","ACTIVO"
"N040503","#REV-TAN","CENTRAL TELEFONICA ARRIS 2020 ","1","UNI","ACTIVO"
"N030201","#REV-TAN","PICO PARA SOLDAR GIRATORIO","1","UNI","ACTIVO"
"N060227","#REV-TAN","CONTROL ACCESO - HUELLA DIGITAL","1","UNI","ACTIVO"
"N080827","#REV-TAN","CAÃ‘O ESTRUC. 100x100x1,6","1","UNI","ACTIVO"
"N030332","#REV-TAN","PINCEL MEDIANO","1","UNI","ACTIVO"
"N080989","#REV-TAN","Conjunto de tablilla metalicas de 2300x1000mm","1","UNI","ACTIVO"
"I080087","#REV-TAN","GRAB. DHI-DAE-MXVR4104/4204-GFWI IMPORTADO","1","UNI","ACTIVO"
"N010690","#REV-TAN","Intercomunicador DHI-VTT201","1","UNI","ACTIVO"
"N081137","#REV-TAN","CAPACITOR 20UF /440V","1","UNI","ACTIVO"
"N060202","#REV-TAN","QAM ND530 16 IN 1","1","UNI","ACTIVO"
"N081164","#REV-TAN","VARILLA ROSCADA","1","UNI","ACTIVO"
"N030400","#REV-TAN","CORTA VIDRIO","1","UNI","ACTIVO"
"N010694","#REV-TAN","TRANSMISOR CATV TUOLIMA","1","UNI","ACTIVO"
"N080911","#REV-TAN","KIT VIDEO INTERCOM DHI-KTP01 (F)","1","UNI","ACTIVO"
"N030185","#REV-TAN","TIJERA PARA OJALATA","1","UNI","ACTIVO"
"N030169","#REV-TAN","JUEGO DE LLAVES T (11, 12, 13 Y 14)","1","UNI","ACTIVO"
"N090106","#REV-TAN","maquina de contar","1","UNI","ACTIVO"
"N090105","#REV-TAN","LECTOR DE HUELLA DIGITAL","1","UNI","ACTIVO"
"N081094","#REV-TAN","ALAMBRE 18/19","0,7","UNI","ACTIVO"
"N080946","#REV-TAN","CAÃ‘O ESTRUC. 2""x1,6mm","0,5","UNI","ACTIVO"
